# WaveFront *.obj file (generated by Autodesk ATF)

mtllib Pinza_base_bueno.mtl

g Cuerpo1

v 1.144171 2.400000 0.475066
v 1.134119 2.400000 0.398715
v 1.104648 2.400000 0.327566
v 1.057767 2.400000 0.266470
v 0.996671 2.400000 0.219589
v 0.925522 2.400000 0.190118
v 0.849171 2.400000 0.180066
v 0.772819 2.400000 0.190118
v 0.701671 2.400000 0.219589
v 0.640574 2.400000 0.266470
v 0.593693 2.400000 0.327566
v 0.564223 2.400000 0.398715
v 0.554171 2.400000 0.475066
v 0.564223 2.400000 0.551418
v 0.593693 2.400000 0.622566
v 0.640574 2.400000 0.683663
v 0.701671 2.400000 0.730544
v 0.772819 2.400000 0.760014
v 0.849171 2.400000 0.770066
v 0.925522 2.400000 0.760014
v 0.996671 2.400000 0.730544
v 1.057767 2.400000 0.683663
v 1.104648 2.400000 0.622566
v 1.134119 2.400000 0.551418
v 1.144171 2.300000 0.475066
v 1.134119 2.300000 0.551418
v 1.104648 2.300000 0.622566
v 1.057767 2.300000 0.683663
v 0.996671 2.300000 0.730544
v 0.925522 2.300000 0.760014
v 0.849171 2.300000 0.770066
v 0.772819 2.300000 0.760014
v 0.701671 2.300000 0.730544
v 0.640574 2.300000 0.683663
v 0.593693 2.300000 0.622566
v 0.564223 2.300000 0.551418
v 0.554171 2.300000 0.475066
v 0.564223 2.300000 0.398715
v 0.593693 2.300000 0.327566
v 0.640574 2.300000 0.266470
v 0.701671 2.300000 0.219589
v 0.772819 2.300000 0.190118
v 0.849171 2.300000 0.180066
v 0.925522 2.300000 0.190118
v 0.996671 2.300000 0.219589
v 1.057767 2.300000 0.266470
v 1.104648 2.300000 0.327566
v 1.134119 2.300000 0.398715
v 0.849171 2.600000 0.818066
v -0.787284 2.600000 0.687390
v -0.787284 2.300000 0.687390
v 0.849171 2.300000 0.818066
v 2.485625 2.600000 0.687390
v 2.485625 2.300000 0.687390
v 2.485625 2.600000 0.262742
v 2.537330 2.600000 0.273435
v 2.584815 2.600000 0.296518
v 2.625164 2.600000 0.330571
v 2.655897 2.600000 0.373503
v 2.675127 2.600000 0.422675
v 2.681671 2.600000 0.475066
v 2.675127 2.600000 0.527458
v 2.655897 2.600000 0.576630
v 2.625164 2.600000 0.619561
v 2.584815 2.600000 0.653615
v 2.537330 2.600000 0.676697
v 2.537330 2.300000 0.676697
v 2.584815 2.300000 0.653615
v 2.625164 2.300000 0.619561
v 2.655897 2.300000 0.576630
v 2.675127 2.300000 0.527458
v 2.681671 2.300000 0.475066
v 2.675127 2.300000 0.422675
v 2.655897 2.300000 0.373503
v 2.625164 2.300000 0.330571
v 2.584815 2.300000 0.296518
v 2.537330 2.300000 0.273435
v 2.485625 2.300000 0.262742
v 0.849171 2.600000 0.132066
v 0.849171 2.300000 0.132066
v -0.787284 2.600000 0.262742
v -0.787284 2.300000 0.262742
v -0.838988 2.600000 0.676697
v -0.886474 2.600000 0.653615
v -0.926823 2.600000 0.619561
v -0.957556 2.600000 0.576630
v -0.976785 2.600000 0.527458
v -0.983329 2.600000 0.475066
v -0.976785 2.600000 0.422675
v -0.957556 2.600000 0.373503
v -0.926823 2.600000 0.330571
v -0.886474 2.600000 0.296518
v -0.838988 2.600000 0.273435
v -0.838988 2.300000 0.273435
v -0.886474 2.300000 0.296518
v -0.926823 2.300000 0.330571
v -0.957556 2.300000 0.373503
v -0.976785 2.300000 0.422675
v -0.983329 2.300000 0.475066
v -0.976785 2.300000 0.527458
v -0.957556 2.300000 0.576630
v -0.926823 2.300000 0.619561
v -0.886474 2.300000 0.653615
v -0.838988 2.300000 0.676697
vt 0.100000 -0.849539 0.000000
vt 0.000000 -0.849539 0.000000
vt 0.100000 -0.926770 0.000000
vt 0.000000 -0.926770 0.000000
vt 0.100000 0.926770 0.000000
vt 0.000000 0.926770 0.000000
vt 0.100000 0.849539 0.000000
vt 0.000000 0.849539 0.000000
vt 0.100000 0.772308 0.000000
vt 0.000000 0.772308 0.000000
vt 0.100000 0.695077 0.000000
vt 0.000000 0.695077 0.000000
vt 0.100000 0.617847 0.000000
vt 0.000000 0.617847 0.000000
vt 0.100000 0.540616 0.000000
vt 0.000000 0.540616 0.000000
vt 0.100000 0.463385 0.000000
vt 0.000000 0.463385 0.000000
vt 0.100000 0.386154 0.000000
vt 0.000000 0.386154 0.000000
vt 0.100000 0.308923 0.000000
vt 0.000000 0.308923 0.000000
vt 0.100000 0.231692 0.000000
vt 0.000000 0.231692 0.000000
vt 0.100000 0.154462 0.000000
vt 0.000000 0.154462 0.000000
vt 0.100000 0.077231 0.000000
vt 0.000000 0.077231 0.000000
vt 0.100000 0.000000 0.000000
vt 0.000000 0.000000 0.000000
vt 0.100000 -0.077231 0.000000
vt -0.000000 -0.077231 0.000000
vt 0.100000 -0.154462 0.000000
vt -0.000000 -0.154462 0.000000
vt 0.100000 -0.231692 0.000000
vt -0.000000 -0.231692 0.000000
vt 0.100000 -0.308923 0.000000
vt -0.000000 -0.308923 0.000000
vt 0.100000 -0.386154 0.000000
vt -0.000000 -0.386154 0.000000
vt 0.100000 -0.463385 0.000000
vt -0.000000 -0.463385 0.000000
vt 0.100000 -0.540616 0.000000
vt 0.000000 -0.540616 0.000000
vt 0.100000 -0.617847 0.000000
vt 0.000000 -0.617847 0.000000
vt 0.100000 -0.695077 0.000000
vt 0.000000 -0.695077 0.000000
vt 0.100000 -0.772308 0.000000
vt 0.000000 -0.772308 0.000000
vt -0.284948 -0.076352 0.000000
vt 0.284948 -0.076352 0.000000
vt -0.295000 -0.000000 0.000000
vt 0.295000 0.000000 0.000000
vt -0.284948 0.076352 0.000000
vt 0.284948 0.076352 0.000000
vt -0.255477 0.147500 0.000000
vt 0.255477 0.147500 0.000000
vt -0.208597 0.208597 0.000000
vt 0.208597 0.208597 0.000000
vt -0.147500 0.255477 0.000000
vt 0.147500 0.255477 0.000000
vt -0.076352 0.284948 0.000000
vt 0.076352 0.284948 0.000000
vt 0.000000 0.295000 0.000000
vt 0.255477 -0.147500 0.000000
vt -0.255477 -0.147500 0.000000
vt 0.208597 -0.208597 0.000000
vt -0.208597 -0.208597 0.000000
vt 0.147500 -0.255477 0.000000
vt -0.147500 -0.255477 0.000000
vt 0.076352 -0.284948 0.000000
vt -0.076352 -0.284948 0.000000
vt 0.000000 -0.295000 0.000000
vt -0.000000 0.000000 0.000000
vt 1.641664 0.000000 0.000000
vt -0.000000 0.300000 0.000000
vt 1.641664 0.300000 0.000000
vt -0.000000 0.000000 0.000000
vt 1.641664 0.000000 0.000000
vt -0.000000 0.300000 0.000000
vt 1.641664 0.300000 0.000000
vt -0.300000 -0.000000 0.000000
vt -0.000000 0.000000 0.000000
vt -0.300000 0.052934 0.000000
vt -0.000000 0.052934 0.000000
vt -0.300000 0.105869 0.000000
vt -0.000000 0.105869 0.000000
vt -0.300000 0.158803 0.000000
vt -0.000000 0.158803 0.000000
vt -0.300000 0.211738 0.000000
vt -0.000000 0.211738 0.000000
vt -0.300000 0.264672 0.000000
vt -0.000000 0.264672 0.000000
vt -0.300000 0.317607 0.000000
vt -0.000000 0.317607 0.000000
vt -0.300000 0.370541 0.000000
vt -0.000000 0.370541 0.000000
vt -0.300000 0.423476 0.000000
vt -0.000000 0.423476 0.000000
vt -0.300000 0.476410 0.000000
vt -0.000000 0.476410 0.000000
vt -0.300000 0.529345 0.000000
vt -0.000000 0.529345 0.000000
vt -0.300000 0.582279 0.000000
vt -0.000000 0.582279 0.000000
vt -0.300000 0.635214 0.000000
vt -0.000000 0.635214 0.000000
vt 0.000000 0.000000 0.000000
vt 1.641664 0.000000 0.000000
vt 0.000000 0.300000 0.000000
vt 1.641664 0.300000 0.000000
vt -0.000000 0.000000 0.000000
vt 1.641664 0.000000 0.000000
vt -0.000000 0.300000 0.000000
vt 1.641664 0.300000 0.000000
vt -0.300000 0.000000 0.000000
vt -0.000000 0.000000 0.000000
vt -0.300000 0.052934 0.000000
vt -0.000000 0.052934 0.000000
vt -0.300000 0.105869 0.000000
vt -0.000000 0.105869 0.000000
vt -0.300000 0.158803 0.000000
vt -0.000000 0.158803 0.000000
vt -0.300000 0.211738 0.000000
vt -0.000000 0.211738 0.000000
vt -0.300000 0.264672 0.000000
vt -0.000000 0.264672 0.000000
vt -0.300000 0.317607 0.000000
vt -0.000000 0.317607 0.000000
vt -0.300000 0.370541 0.000000
vt -0.000000 0.370541 0.000000
vt -0.300000 0.423476 0.000000
vt -0.000000 0.423476 0.000000
vt -0.300000 0.476410 0.000000
vt -0.000000 0.476410 0.000000
vt -0.300000 0.529345 0.000000
vt -0.000000 0.529345 0.000000
vt -0.300000 0.582279 0.000000
vt -0.000000 0.582279 0.000000
vt -0.300000 0.635214 0.000000
vt -0.000000 0.635214 0.000000
vt 0.284948 -0.076352 0.000000
vt 1.825956 -0.052391 0.000000
vt 0.295000 0.000000 0.000000
vt 1.832500 0.000000 0.000000
vt 1.825956 0.052391 0.000000
vt 0.255477 -0.147500 0.000000
vt 1.775993 -0.144495 0.000000
vt 1.806727 -0.101563 0.000000
vt 0.208597 -0.208597 0.000000
vt 1.636455 -0.212324 0.000000
vt 1.735644 -0.178548 0.000000
vt 0.147500 -0.255477 0.000000
vt 0.076352 -0.284948 0.000000
vt -0.000000 -0.343000 0.000000
vt -0.000000 -0.295000 0.000000
vt -0.076352 -0.284948 0.000000
vt -1.636455 -0.212324 0.000000
vt -0.147500 -0.255477 0.000000
vt -0.208597 -0.208597 0.000000
vt -0.255477 -0.147500 0.000000
vt -1.735644 -0.178548 0.000000
vt -1.688159 -0.201631 0.000000
vt -1.775993 -0.144495 0.000000
vt -0.284948 -0.076352 0.000000
vt -1.806727 -0.101563 0.000000
vt -1.825956 -0.052391 0.000000
vt -0.295000 0.000000 0.000000
vt -1.832500 0.000000 0.000000
vt -1.825956 0.052391 0.000000
vt -0.284948 0.076352 0.000000
vt -1.806727 0.101563 0.000000
vt -1.775993 0.144495 0.000000
vt -0.255477 0.147500 0.000000
vt -1.735644 0.178548 0.000000
vt -1.636455 0.212324 0.000000
vt -1.688159 0.201631 0.000000
vt -0.208597 0.208597 0.000000
vt -0.147500 0.255477 0.000000
vt -0.076352 0.284948 0.000000
vt -0.000000 0.343000 0.000000
vt -0.000000 0.295000 0.000000
vt 0.076352 0.284948 0.000000
vt 1.636455 0.212324 0.000000
vt 0.147500 0.255477 0.000000
vt 0.208597 0.208597 0.000000
vt 0.255477 0.147500 0.000000
vt 1.735644 0.178548 0.000000
vt 1.688159 0.201631 0.000000
vt 1.775993 0.144495 0.000000
vt 0.284948 0.076352 0.000000
vt 1.806727 0.101563 0.000000
vt 1.688159 -0.201631 0.000000
vt 1.688159 -0.201631 0.000000
vt 1.735644 -0.178548 0.000000
vt 1.636455 -0.212324 0.000000
vt 1.775993 -0.144495 0.000000
vt 0.000000 -0.343000 0.000000
vt 1.806727 -0.101563 0.000000
vt 1.825956 -0.052391 0.000000
vt 1.832500 0.000000 0.000000
vt -1.832500 0.000000 0.000000
vt -1.825956 -0.052391 0.000000
vt 0.000000 0.343000 0.000000
vt 1.825956 0.052391 0.000000
vt 1.806727 0.101563 0.000000
vt 1.775993 0.144495 0.000000
vt 1.636455 0.212324 0.000000
vt 1.735644 0.178548 0.000000
vt 1.688159 0.201631 0.000000
vt -1.636455 0.212324 0.000000
vt -1.775993 0.144495 0.000000
vt -1.806727 0.101563 0.000000
vt -1.825956 0.052391 0.000000
vt -1.688159 0.201631 0.000000
vt -1.735644 0.178548 0.000000
vt -1.806727 -0.101563 0.000000
vt -1.775993 -0.144495 0.000000
vt -1.636455 -0.212324 0.000000
vt -1.735644 -0.178548 0.000000
vt -1.688159 -0.201631 0.000000
vn -0.965926 -0.000000 0.258819
vn -0.965926 -0.000000 0.258819
vn -1.000000 -0.000000 0.000000
vn -1.000000 -0.000000 0.000000
vn -0.965926 -0.000000 -0.258819
vn -0.965926 -0.000000 -0.258819
vn -0.866025 -0.000000 -0.500000
vn -0.866025 -0.000000 -0.500000
vn -0.707107 -0.000000 -0.707107
vn -0.707107 -0.000000 -0.707107
vn -0.500000 -0.000000 -0.866025
vn -0.500000 -0.000000 -0.866025
vn -0.258819 -0.000000 -0.965926
vn -0.258819 -0.000000 -0.965926
vn -0.000000 0.000000 -1.000000
vn -0.000000 0.000000 -1.000000
vn 0.258819 0.000000 -0.965926
vn 0.258819 0.000000 -0.965926
vn 0.500000 0.000000 -0.866025
vn 0.500000 0.000000 -0.866025
vn 0.707107 0.000000 -0.707107
vn 0.707107 0.000000 -0.707107
vn 0.866025 0.000000 -0.500000
vn 0.866025 0.000000 -0.500000
vn 0.965926 0.000000 -0.258819
vn 0.965926 0.000000 -0.258819
vn 1.000000 0.000000 -0.000000
vn 1.000000 0.000000 -0.000000
vn 0.965926 0.000000 0.258819
vn 0.965926 0.000000 0.258819
vn 0.866025 0.000000 0.500000
vn 0.866025 0.000000 0.500000
vn 0.707107 0.000000 0.707107
vn 0.707107 0.000000 0.707107
vn 0.500000 0.000000 0.866025
vn 0.500000 0.000000 0.866025
vn 0.258819 0.000000 0.965926
vn 0.258819 0.000000 0.965926
vn 0.000000 -0.000000 1.000000
vn 0.000000 -0.000000 1.000000
vn -0.258819 -0.000000 0.965926
vn -0.258819 -0.000000 0.965926
vn -0.500000 -0.000000 0.866025
vn -0.500000 -0.000000 0.866025
vn -0.707107 -0.000000 0.707107
vn -0.707107 -0.000000 0.707107
vn -0.866025 -0.000000 0.500000
vn -0.866025 -0.000000 0.500000
vn 0.000000 -1.000000 -0.000000
vn 0.000000 -1.000000 -0.000000
vn 0.000000 -1.000000 -0.000000
vn 0.000000 -1.000000 -0.000000
vn 0.000000 -1.000000 -0.000000
vn 0.000000 -1.000000 -0.000000
vn 0.000000 -1.000000 -0.000000
vn 0.000000 -1.000000 -0.000000
vn 0.000000 -1.000000 -0.000000
vn 0.000000 -1.000000 -0.000000
vn 0.000000 -1.000000 -0.000000
vn 0.000000 -1.000000 -0.000000
vn 0.000000 -1.000000 -0.000000
vn 0.000000 -1.000000 -0.000000
vn 0.000000 -1.000000 -0.000000
vn 0.000000 -1.000000 -0.000000
vn 0.000000 -1.000000 -0.000000
vn 0.000000 -1.000000 -0.000000
vn 0.000000 -1.000000 -0.000000
vn 0.000000 -1.000000 -0.000000
vn 0.000000 -1.000000 -0.000000
vn 0.000000 -1.000000 -0.000000
vn 0.000000 -1.000000 -0.000000
vn 0.000000 -1.000000 -0.000000
vn -0.079600 -0.000000 0.996827
vn -0.079600 -0.000000 0.996827
vn -0.079600 -0.000000 0.996827
vn -0.079600 -0.000000 0.996827
vn 0.079600 0.000000 0.996827
vn 0.079600 0.000000 0.996827
vn 0.079600 0.000000 0.996827
vn 0.079600 0.000000 0.996827
vn 0.079600 0.000000 -0.996827
vn 0.079600 0.000000 -0.996827
vn 0.322342 0.000000 -0.946623
vn 0.322342 0.000000 -0.946623
vn 0.545279 0.000000 -0.838255
vn 0.545279 0.000000 -0.838255
vn 0.734711 0.000000 -0.678381
vn 0.734711 0.000000 -0.678381
vn 0.878999 0.000000 -0.476824
vn 0.878999 0.000000 -0.476824
vn 0.969278 0.000000 -0.245968
vn 0.969278 0.000000 -0.245968
vn 1.000000 0.000000 -0.000000
vn 1.000000 0.000000 -0.000000
vn 0.969278 0.000000 0.245968
vn 0.969278 0.000000 0.245968
vn 0.878999 0.000000 0.476824
vn 0.878999 0.000000 0.476824
vn 0.734711 0.000000 0.678381
vn 0.734711 0.000000 0.678381
vn 0.545279 0.000000 0.838255
vn 0.545279 0.000000 0.838255
vn 0.322342 0.000000 0.946623
vn 0.322342 0.000000 0.946623
vn 0.079600 0.000000 -0.996827
vn 0.079600 0.000000 -0.996827
vn -0.079600 -0.000000 -0.996827
vn -0.079600 -0.000000 -0.996827
vn -0.079600 -0.000000 -0.996827
vn -0.079600 -0.000000 -0.996827
vn -0.322342 -0.000000 0.946623
vn -0.322342 -0.000000 0.946623
vn -0.545279 -0.000000 0.838255
vn -0.545279 -0.000000 0.838255
vn -0.734711 -0.000000 0.678381
vn -0.734711 -0.000000 0.678381
vn -0.878999 -0.000000 0.476824
vn -0.878999 -0.000000 0.476824
vn -0.969278 -0.000000 0.245968
vn -0.969278 -0.000000 0.245968
vn -1.000000 -0.000000 0.000000
vn -1.000000 -0.000000 0.000000
vn -0.969278 -0.000000 -0.245968
vn -0.969278 -0.000000 -0.245968
vn -0.878999 -0.000000 -0.476824
vn -0.878999 -0.000000 -0.476824
vn -0.734711 -0.000000 -0.678381
vn -0.734711 -0.000000 -0.678381
vn -0.545279 -0.000000 -0.838255
vn -0.545279 -0.000000 -0.838255
vn -0.322342 -0.000000 -0.946623
vn -0.322342 -0.000000 -0.946623
vn 0.000000 -1.000000 -0.000000
vn 0.000000 -1.000000 -0.000000
vn 0.000000 -1.000000 -0.000000
vn 0.000000 -1.000000 -0.000000
vn 0.000000 -1.000000 -0.000000
vn 0.000000 -1.000000 -0.000000
vn 0.000000 -1.000000 -0.000000
vn 0.000000 -1.000000 -0.000000
vn 0.000000 -1.000000 -0.000000
vn 0.000000 -1.000000 -0.000000
vn 0.000000 -1.000000 -0.000000
vn 0.000000 -1.000000 -0.000000
vn 0.000000 -1.000000 -0.000000
vn 0.000000 -1.000000 -0.000000
vn 0.000000 -1.000000 -0.000000
vn 0.000000 -1.000000 -0.000000
vn 0.000000 -1.000000 -0.000000
vn 0.000000 -1.000000 -0.000000
vn 0.000000 -1.000000 -0.000000
vn 0.000000 -1.000000 -0.000000
vn 0.000000 -1.000000 -0.000000
vn 0.000000 -1.000000 -0.000000
vn 0.000000 -1.000000 -0.000000
vn 0.000000 -1.000000 -0.000000
vn 0.000000 -1.000000 -0.000000
vn 0.000000 -1.000000 -0.000000
vn 0.000000 -1.000000 -0.000000
vn 0.000000 -1.000000 -0.000000
vn 0.000000 -1.000000 -0.000000
vn 0.000000 -1.000000 -0.000000
vn 0.000000 -1.000000 -0.000000
vn 0.000000 -1.000000 -0.000000
vn 0.000000 -1.000000 -0.000000
vn 0.000000 -1.000000 -0.000000
vn 0.000000 -1.000000 -0.000000
vn 0.000000 -1.000000 -0.000000
vn 0.000000 -1.000000 -0.000000
vn 0.000000 -1.000000 -0.000000
vn 0.000000 -1.000000 -0.000000
vn 0.000000 -1.000000 -0.000000
vn 0.000000 -1.000000 -0.000000
vn 0.000000 -1.000000 -0.000000
vn 0.000000 -1.000000 -0.000000
vn 0.000000 -1.000000 -0.000000
vn 0.000000 -1.000000 -0.000000
vn 0.000000 -1.000000 -0.000000
vn 0.000000 -1.000000 -0.000000
vn 0.000000 -1.000000 -0.000000
vn 0.000000 -1.000000 -0.000000
vn 0.000000 -1.000000 -0.000000
vn 0.000000 -1.000000 -0.000000
vn 0.000000 -1.000000 -0.000000
vn -0.000000 1.000000 0.000000
vn -0.000000 1.000000 0.000000
vn -0.000000 1.000000 0.000000
vn -0.000000 1.000000 0.000000
vn -0.000000 1.000000 0.000000
vn -0.000000 1.000000 0.000000
vn -0.000000 1.000000 0.000000
vn -0.000000 1.000000 0.000000
vn -0.000000 1.000000 0.000000
vn -0.000000 1.000000 0.000000
vn -0.000000 1.000000 0.000000
vn -0.000000 1.000000 0.000000
vn -0.000000 1.000000 0.000000
vn -0.000000 1.000000 0.000000
vn -0.000000 1.000000 0.000000
vn -0.000000 1.000000 0.000000
vn -0.000000 1.000000 0.000000
vn -0.000000 1.000000 0.000000
vn -0.000000 1.000000 0.000000
vn -0.000000 1.000000 0.000000
vn -0.000000 1.000000 0.000000
vn -0.000000 1.000000 0.000000
vn -0.000000 1.000000 0.000000
vn -0.000000 1.000000 0.000000
vn -0.000000 1.000000 0.000000
vn -0.000000 1.000000 0.000000
vn -0.000000 1.000000 0.000000
vn -0.000000 1.000000 0.000000
usemtl Acero_-_Satinado
f 2/1/1 48/2/2 1/3/3
f 1/3/3 48/2/2 25/4/4
f 1/5/3 25/6/4 24/7/5
f 24/7/5 25/6/4 26/8/6
f 24/7/5 26/8/6 23/9/7
f 23/9/7 26/8/6 27/10/8
f 23/9/7 27/10/8 22/11/9
f 22/11/9 27/10/8 28/12/10
f 22/11/9 28/12/10 21/13/11
f 21/13/11 28/12/10 29/14/12
f 21/13/11 29/14/12 20/15/13
f 20/15/13 29/14/12 30/16/14
f 20/15/13 30/16/14 19/17/15
f 19/17/15 30/16/14 31/18/16
f 19/17/15 31/18/16 18/19/17
f 18/19/17 31/18/16 32/20/18
f 18/19/17 32/20/18 17/21/19
f 17/21/19 32/20/18 33/22/20
f 17/21/19 33/22/20 16/23/21
f 16/23/21 33/22/20 34/24/22
f 16/23/21 34/24/22 15/25/23
f 15/25/23 34/24/22 35/26/24
f 15/25/23 35/26/24 14/27/25
f 14/27/25 35/26/24 36/28/26
f 14/27/25 36/28/26 13/29/27
f 13/29/27 36/28/26 37/30/28
f 13/29/27 37/30/28 12/31/29
f 12/31/29 37/30/28 38/32/30
f 12/31/29 38/32/30 11/33/31
f 11/33/31 38/32/30 39/34/32
f 11/33/31 39/34/32 10/35/33
f 10/35/33 39/34/32 40/36/34
f 10/35/33 40/36/34 9/37/35
f 9/37/35 40/36/34 41/38/36
f 9/37/35 41/38/36 8/39/37
f 8/39/37 41/38/36 42/40/38
f 8/39/37 42/40/38 7/41/39
f 7/41/39 42/40/38 43/42/40
f 7/41/39 43/42/40 6/43/41
f 6/43/41 43/42/40 44/44/42
f 6/43/41 44/44/42 5/45/43
f 5/45/43 44/44/42 45/46/44
f 5/45/43 45/46/44 4/47/45
f 4/47/45 45/46/44 46/48/46
f 4/47/45 46/48/46 3/49/47
f 3/49/47 46/48/46 47/50/48
f 3/49/47 47/50/48 2/1/1
f 2/1/1 47/50/48 48/2/2
f 24/51/49 14/52/50 1/53/51
f 1/53/51 14/52/50 13/54/52
f 1/53/51 13/54/52 2/55/53
f 2/55/53 13/54/52 12/56/54
f 2/55/53 12/56/54 3/57/55
f 3/57/55 12/56/54 11/58/56
f 3/57/55 11/58/56 4/59/57
f 4/59/57 11/58/56 10/60/58
f 4/59/57 10/60/58 5/61/59
f 5/61/59 10/60/58 9/62/60
f 5/61/59 9/62/60 6/63/61
f 6/63/61 9/62/60 8/64/62
f 6/63/61 8/64/62 7/65/63
f 14/52/50 24/51/49 15/66/64
f 15/66/64 24/51/49 23/67/65
f 15/66/64 23/67/65 16/68/66
f 16/68/66 23/67/65 22/69/67
f 16/68/66 22/69/67 17/70/68
f 17/70/68 22/69/67 21/71/69
f 17/70/68 21/71/69 18/72/70
f 18/72/70 21/71/69 20/73/71
f 18/72/70 20/73/71 19/74/72
f 49/75/73 50/76/74 52/77/75
f 52/77/75 50/76/74 51/78/76
f 53/79/77 49/80/78 54/81/79
f 54/81/79 49/80/78 52/82/80
f 78/83/81 55/84/82 77/85/83
f 77/85/83 55/84/82 56/86/84
f 77/85/83 56/86/84 76/87/85
f 76/87/85 56/86/84 57/88/86
f 76/87/85 57/88/86 75/89/87
f 75/89/87 57/88/86 58/90/88
f 75/89/87 58/90/88 74/91/89
f 74/91/89 58/90/88 59/92/90
f 74/91/89 59/92/90 73/93/91
f 73/93/91 59/92/90 60/94/92
f 73/93/91 60/94/92 72/95/93
f 72/95/93 60/94/92 61/96/94
f 72/95/93 61/96/94 71/97/95
f 71/97/95 61/96/94 62/98/96
f 71/97/95 62/98/96 70/99/97
f 70/99/97 62/98/96 63/100/98
f 70/99/97 63/100/98 69/101/99
f 69/101/99 63/100/98 64/102/100
f 69/101/99 64/102/100 68/103/101
f 68/103/101 64/102/100 65/104/102
f 68/103/101 65/104/102 67/105/103
f 67/105/103 65/104/102 66/106/104
f 67/105/103 66/106/104 54/107/79
f 54/107/79 66/106/104 53/108/77
f 79/109/105 55/110/82 80/111/106
f 80/111/106 55/110/82 78/112/81
f 81/113/107 79/114/108 82/115/109
f 82/115/109 79/114/108 80/116/110
f 51/117/76 50/118/74 104/119/111
f 104/119/111 50/118/74 83/120/112
f 104/119/111 83/120/112 103/121/113
f 103/121/113 83/120/112 84/122/114
f 103/121/113 84/122/114 102/123/115
f 102/123/115 84/122/114 85/124/116
f 102/123/115 85/124/116 101/125/117
f 101/125/117 85/124/116 86/126/118
f 101/125/117 86/126/118 100/127/119
f 100/127/119 86/126/118 87/128/120
f 100/127/119 87/128/120 99/129/121
f 99/129/121 87/128/120 88/130/122
f 99/129/121 88/130/122 98/131/123
f 98/131/123 88/130/122 89/132/124
f 98/131/123 89/132/124 97/133/125
f 97/133/125 89/132/124 90/134/126
f 97/133/125 90/134/126 96/135/127
f 96/135/127 90/134/126 91/136/128
f 96/135/127 91/136/128 95/137/129
f 95/137/129 91/136/128 92/138/130
f 95/137/129 92/138/130 94/139/131
f 94/139/131 92/138/130 93/140/132
f 94/139/131 93/140/132 82/141/109
f 82/141/109 93/140/132 81/142/107
f 48/143/133 73/144/134 25/145/135
f 25/145/135 73/144/134 72/146/136
f 25/145/135 72/146/136 71/147/137
f 47/148/138 75/149/139 48/143/133
f 48/143/133 75/149/139 74/150/140
f 48/143/133 74/150/140 73/144/134
f 46/151/141 78/152/142 47/148/138
f 47/148/138 78/152/142 76/153/143
f 47/148/138 76/153/143 75/149/139
f 46/151/141 45/154/144 78/152/142
f 78/152/142 45/154/144 44/155/145
f 78/152/142 44/155/145 80/156/146
f 80/156/146 44/155/145 43/157/147
f 80/156/146 43/157/147 42/158/148
f 80/156/146 42/158/148 82/159/149
f 82/159/149 42/158/148 41/160/150
f 82/159/149 41/160/150 40/161/151
f 40/161/151 39/162/152 82/159/149
f 82/159/149 39/162/152 95/163/153
f 82/159/149 95/163/153 94/164/154
f 95/163/153 39/162/152 96/165/155
f 96/165/155 39/162/152 38/166/156
f 96/165/155 38/166/156 97/167/157
f 97/167/157 38/166/156 98/168/158
f 98/168/158 38/166/156 37/169/159
f 98/168/158 37/169/159 99/170/160
f 99/170/160 37/169/159 100/171/161
f 100/171/161 37/169/159 36/172/162
f 100/171/161 36/172/162 101/173/163
f 101/173/163 36/172/162 102/174/164
f 102/174/164 36/172/162 35/175/165
f 102/174/164 35/175/165 103/176/166
f 103/176/166 35/175/165 51/177/167
f 103/176/166 51/177/167 104/178/168
f 35/175/165 34/179/169 51/177/167
f 51/177/167 34/179/169 33/180/170
f 51/177/167 33/180/170 32/181/171
f 51/177/167 32/181/171 52/182/172
f 52/182/172 32/181/171 31/183/173
f 52/182/172 31/183/173 30/184/174
f 52/182/172 30/184/174 54/185/175
f 54/185/175 30/184/174 29/186/176
f 54/185/175 29/186/176 28/187/177
f 28/187/177 27/188/178 54/185/175
f 54/185/175 27/188/178 68/189/179
f 54/185/175 68/189/179 67/190/180
f 68/189/179 27/188/178 69/191/181
f 69/191/181 27/188/178 26/192/182
f 69/191/181 26/192/182 70/193/183
f 70/193/183 26/192/182 71/147/137
f 71/147/137 26/192/182 25/145/135
f 78/152/142 77/194/184 76/153/143
f 93/195/185 92/196/186 81/197/187
f 81/197/187 92/196/186 91/198/188
f 81/197/187 91/198/188 79/199/189
f 79/199/189 91/198/188 90/200/190
f 79/199/189 90/200/190 89/201/191
f 89/201/191 88/202/192 79/199/189
f 79/199/189 88/202/192 61/203/193
f 79/199/189 61/203/193 60/204/194
f 61/203/193 88/202/192 49/205/195
f 49/205/195 88/202/192 87/206/196
f 49/205/195 87/206/196 86/207/197
f 86/207/197 85/208/198 49/205/195
f 49/205/195 85/208/198 50/209/199
f 50/209/199 85/208/198 84/210/200
f 50/209/199 84/210/200 83/211/201
f 53/212/202 64/213/203 49/205/195
f 49/205/195 64/213/203 63/214/204
f 49/205/195 63/214/204 62/215/205
f 66/216/206 65/217/207 53/212/202
f 53/212/202 65/217/207 64/213/203
f 62/215/205 61/203/193 49/205/195
f 60/204/194 59/218/208 79/199/189
f 79/199/189 59/218/208 58/219/209
f 79/199/189 58/219/209 55/220/210
f 55/220/210 58/219/209 57/221/211
f 55/220/210 57/221/211 56/222/212
g Cuerpo1:1

v 2.954999 5.601000 0.000000
v 2.946310 5.535001 0.000000
v 2.920835 5.473500 0.000000
v 2.880311 5.420688 0.000000
v 2.827499 5.380164 0.000000
v 2.765997 5.354689 0.000000
v 2.699999 5.346000 0.000000
v 2.634000 5.354689 0.000000
v 2.572499 5.380164 0.000000
v 2.519686 5.420688 0.000000
v 2.479162 5.473500 0.000000
v 2.453688 5.535001 0.000000
v 2.444999 5.601000 0.000000
v 2.453688 5.666999 0.000000
v 2.479162 5.728500 0.000000
v 2.519686 5.781312 0.000000
v 2.572499 5.821836 0.000000
v 2.634000 5.847311 0.000000
v 2.699999 5.856000 0.000000
v 2.765997 5.847311 0.000000
v 2.827499 5.821836 0.000000
v 2.880311 5.781312 0.000000
v 2.920835 5.728500 0.000000
v 2.946310 5.666999 0.000000
v 2.954999 5.601000 0.950000
v 2.946310 5.666999 0.950000
v 2.920835 5.728500 0.950000
v 2.880311 5.781312 0.950000
v 2.827499 5.821836 0.950000
v 2.765997 5.847311 0.950000
v 2.699999 5.856000 0.950000
v 2.634000 5.847311 0.950000
v 2.572499 5.821836 0.950000
v 2.519686 5.781312 0.950000
v 2.479162 5.728500 0.950000
v 2.453688 5.666999 0.950000
v 2.444999 5.601000 0.950000
v 2.453688 5.535001 0.950000
v 2.479162 5.473500 0.950000
v 2.519686 5.420688 0.950000
v 2.572499 5.380164 0.950000
v 2.634000 5.354689 0.950000
v 2.699999 5.346000 0.950000
v 2.765997 5.354689 0.950000
v 2.827499 5.380164 0.950000
v 2.880311 5.420688 0.950000
v 2.920835 5.473500 0.950000
v 2.946310 5.535001 0.950000
v -0.382272 5.901346 0.950000
v -0.473075 6.023570 0.950000
v -0.591320 6.119497 0.950000
v -0.729638 6.183152 0.950000
v -0.879412 6.210568 0.950000
v -1.031310 6.200037 0.950000
v -1.175867 6.152215 0.950000
v -1.304078 6.070082 0.950000
v -1.407954 5.958756 0.950000
v -1.481023 5.825171 0.950000
v -1.518732 5.677652 0.950000
v -1.518732 5.525390 0.950000
v -1.481023 5.377871 0.950000
v -1.407954 5.244287 0.950000
v -1.304078 5.132960 0.950000
v -1.175867 5.050827 0.950000
v -1.031310 5.003005 0.950000
v -0.879412 4.992474 0.950000
v -0.729638 5.019890 0.950000
v -0.591320 5.083545 0.950000
v -0.473075 5.179472 0.950000
v -0.382272 5.301696 0.950000
v -0.382272 5.301696 0.650000
v -0.457007 5.196906 0.650000
v -0.552066 5.110131 0.650000
v -0.663217 5.045232 0.650000
v -0.785510 5.005100 0.650000
v -0.913501 4.991521 0.650000
v -1.071381 5.012306 0.650000
v -1.218501 5.073246 0.650000
v -1.344837 5.170186 0.650000
v -1.441777 5.296521 0.650000
v -1.502716 5.443641 0.650000
v -1.523501 5.601521 0.650000
v -1.502716 5.759401 0.650000
v -1.441777 5.906521 0.650000
v -1.344837 6.032856 0.650000
v -1.218501 6.129797 0.650000
v -1.071381 6.190736 0.650000
v -0.913501 6.211521 0.650000
v -0.785510 6.197942 0.650000
v -0.663217 6.157810 0.650000
v -0.552066 6.092912 0.650000
v -0.457007 6.006136 0.650000
v -0.382272 5.901346 0.650000
v -0.302204 5.291524 0.950000
v -0.222223 5.302366 0.950000
v -0.147753 5.333487 0.950000
v -0.083840 5.382777 0.950000
v -0.034817 5.446896 0.950000
v -0.004008 5.521496 0.950000
v 0.006499 5.601521 0.950000
v -0.004008 5.681546 0.950000
v -0.034817 5.756146 0.950000
v -0.083840 5.820265 0.950000
v -0.147753 5.869555 0.950000
v -0.222223 5.900676 0.950000
v -0.302204 5.911518 0.950000
v -0.302204 5.911518 0.650000
v -0.222223 5.900676 0.650000
v -0.147753 5.869555 0.650000
v -0.083840 5.820265 0.650000
v -0.034817 5.756146 0.650000
v -0.004008 5.681546 0.650000
v 0.006499 5.601521 0.650000
v -0.004008 5.521496 0.650000
v -0.034817 5.446896 0.650000
v -0.083840 5.382777 0.650000
v -0.147753 5.333487 0.650000
v -0.222223 5.302366 0.650000
v -0.302204 5.291524 0.650000
v 0.766499 6.211521 0.650000
v 0.766499 4.991521 0.650000
v -1.523501 6.211521 0.650000
v -1.523501 4.991521 0.650000
v -1.883001 5.601521 0.650000
v -1.878742 5.569169 0.650000
v -1.866255 5.539021 0.650000
v -1.846390 5.513133 0.650000
v -1.820501 5.493268 0.650000
v -1.790354 5.480780 0.650000
v -1.758001 5.476521 0.650000
v -1.725649 5.480780 0.650000
v -1.695501 5.493268 0.650000
v -1.669613 5.513133 0.650000
v -1.649748 5.539021 0.650000
v -1.637261 5.569169 0.650000
v -1.633001 5.601521 0.650000
v -1.637261 5.633873 0.650000
v -1.649748 5.664021 0.650000
v -1.669613 5.689909 0.650000
v -1.695501 5.709774 0.650000
v -1.725649 5.722262 0.650000
v -1.758001 5.726521 0.650000
v -1.790354 5.722262 0.650000
v -1.820501 5.709774 0.650000
v -1.846390 5.689909 0.650000
v -1.866255 5.664021 0.650000
v -1.878742 5.633873 0.650000
v -1.883001 5.601521 0.000000
v -1.878742 5.633873 0.000000
v -1.866255 5.664021 0.000000
v -1.846390 5.689909 0.000000
v -1.820501 5.709774 0.000000
v -1.790354 5.722262 0.000000
v -1.758001 5.726521 0.000000
v -1.725649 5.722262 0.000000
v -1.695501 5.709774 0.000000
v -1.669613 5.689909 0.000000
v -1.649748 5.664021 0.000000
v -1.637261 5.633873 0.000000
v -1.633001 5.601521 0.000000
v -1.637261 5.569169 0.000000
v -1.649748 5.539021 0.000000
v -1.669613 5.513133 0.000000
v -1.695501 5.493268 0.000000
v -1.725649 5.480780 0.000000
v -1.758001 5.476521 0.000000
v -1.790354 5.480780 0.000000
v -1.820501 5.493268 0.000000
v -1.846390 5.513133 0.000000
v -1.866255 5.539021 0.000000
v -1.878742 5.569169 0.000000
v 0.875999 5.601521 0.650000
v 0.880258 5.569169 0.650000
v 0.892745 5.539021 0.650000
v 0.912610 5.513133 0.650000
v 0.938499 5.493268 0.650000
v 0.968646 5.480780 0.650000
v 1.000999 5.476521 0.650000
v 1.033351 5.480780 0.650000
v 1.063499 5.493268 0.650000
v 1.089387 5.513133 0.650000
v 1.109252 5.539021 0.650000
v 1.121739 5.569169 0.650000
v 1.125999 5.601521 0.650000
v 1.121739 5.633873 0.650000
v 1.109252 5.664021 0.650000
v 1.089387 5.689909 0.650000
v 1.063499 5.709774 0.650000
v 1.033351 5.722262 0.650000
v 1.000999 5.726521 0.650000
v 0.968646 5.722262 0.650000
v 0.938499 5.709774 0.650000
v 0.912610 5.689909 0.650000
v 0.892745 5.664021 0.650000
v 0.880258 5.633873 0.650000
v 0.875999 5.601521 0.000000
v 0.880258 5.633873 0.000000
v 0.892745 5.664021 0.000000
v 0.912610 5.689909 0.000000
v 0.938499 5.709774 0.000000
v 0.968646 5.722262 0.000000
v 1.000999 5.726521 0.000000
v 1.033351 5.722262 0.000000
v 1.063499 5.709774 0.000000
v 1.089387 5.689909 0.000000
v 1.109252 5.664021 0.000000
v 1.121739 5.633873 0.000000
v 1.125999 5.601521 0.000000
v 1.121739 5.569169 0.000000
v 1.109252 5.539021 0.000000
v 1.089387 5.513133 0.000000
v 1.063499 5.493268 0.000000
v 1.033351 5.480780 0.000000
v 1.000999 5.476521 0.000000
v 0.968646 5.480780 0.000000
v 0.938499 5.493268 0.000000
v 0.912610 5.513133 0.000000
v 0.892745 5.539021 0.000000
v 0.880258 5.569169 0.000000
v 0.766499 4.991521 0.000000
v -1.523501 4.991521 0.000000
v -1.523501 6.211521 0.000000
v 0.766499 6.211521 0.000000
v -0.786455 2.600000 0.687324
v -0.838159 2.600000 0.676631
v -0.885644 2.600000 0.653548
v -0.925993 2.600000 0.619495
v -0.956727 2.600000 0.576563
v -0.975956 2.600000 0.527391
v -0.982500 2.600000 0.475000
v -0.975956 2.600000 0.422609
v -0.956727 2.600000 0.373437
v -0.925993 2.600000 0.330505
v -0.885644 2.600000 0.296452
v -0.838159 2.600000 0.273369
v -0.786455 2.600000 0.262676
v -0.786455 2.800000 0.262676
v -0.838159 2.800000 0.273369
v -0.885644 2.800000 0.296452
v -0.925993 2.800000 0.330505
v -0.956727 2.800000 0.373437
v -0.975956 2.800000 0.422609
v -0.982500 2.800000 0.475000
v -0.975956 2.800000 0.527391
v -0.956727 2.800000 0.576563
v -0.925993 2.800000 0.619495
v -0.885644 2.800000 0.653548
v -0.838159 2.800000 0.676631
v -0.786455 2.800000 0.687324
v 0.850000 2.600000 0.132000
v 0.850000 2.800000 0.132000
v 2.486455 2.600000 0.262676
v 2.486455 2.800000 0.262676
v 2.538159 2.600000 0.273369
v 2.585644 2.600000 0.296452
v 2.625993 2.600000 0.330505
v 2.656727 2.600000 0.373437
v 2.675956 2.600000 0.422609
v 2.682500 2.600000 0.475000
v 2.675956 2.600000 0.527391
v 2.656727 2.600000 0.576563
v 2.625993 2.600000 0.619495
v 2.585644 2.600000 0.653548
v 2.538159 2.600000 0.676631
v 2.486455 2.600000 0.687324
v 2.486455 2.800000 0.687324
v 2.538159 2.800000 0.676631
v 2.585644 2.800000 0.653548
v 2.625993 2.800000 0.619495
v 2.656727 2.800000 0.576563
v 2.675956 2.800000 0.527391
v 2.682500 2.800000 0.475000
v 2.675956 2.800000 0.422609
v 2.656727 2.800000 0.373437
v 2.625993 2.800000 0.330505
v 2.585644 2.800000 0.296452
v 2.538159 2.800000 0.273369
v 0.850000 2.600000 0.818000
v 0.850000 2.800000 0.818000
v 2.899999 6.601000 0.950000
v 3.122520 6.575928 0.950000
v 3.333882 6.501969 0.950000
v 3.523488 6.382831 0.950000
v 3.681830 6.224490 0.950000
v 3.800967 6.034884 0.950000
v 3.874927 5.823521 0.950000
v 3.899999 5.601000 0.950000
v 3.899999 5.601000 0.000000
v 3.874927 5.823521 0.000000
v 3.800967 6.034884 0.000000
v 3.681830 6.224490 0.000000
v 3.523488 6.382831 0.000000
v 3.333882 6.501969 0.000000
v 3.122520 6.575928 0.000000
v 2.899999 6.601000 0.000000
v 3.899999 4.388000 0.950000
v 3.899999 4.388000 0.000000
v -1.200001 6.601000 0.950000
v -1.422522 6.575928 0.950000
v -1.633885 6.501969 0.950000
v -1.823491 6.382831 0.950000
v -1.981833 6.224490 0.950000
v -2.100970 6.034884 0.950000
v -2.174929 5.823521 0.950000
v -2.200001 5.601000 0.950000
v -2.200001 4.388000 0.950000
v -2.182964 4.258590 0.950000
v -2.133014 4.138000 0.950000
v -2.053555 4.034446 0.950000
v -1.950001 3.954987 0.950000
v -1.829410 3.905037 0.950000
v -1.700001 3.888000 0.950000
v -1.570591 3.870963 0.950000
v -1.450000 3.821013 0.950000
v -1.346447 3.741554 0.950000
v -1.266987 3.638000 0.950000
v -1.217037 3.517410 0.950000
v -1.200000 3.388000 0.950000
v -1.200000 2.600000 0.950000
v 2.900000 2.600000 0.950000
v 2.900000 3.388000 0.950000
v 2.917037 3.517409 0.950000
v 2.966987 3.638000 0.950000
v 3.046446 3.741553 0.950000
v 3.150000 3.821012 0.950000
v 3.270590 3.870963 0.950000
v 3.399999 3.888000 0.950000
v 3.529409 3.905037 0.950000
v 3.649999 3.954988 0.950000
v 3.753552 4.034447 0.950000
v 3.833011 4.138000 0.950000
v 3.882962 4.258591 0.950000
v -1.200001 6.601000 0.000000
v -1.422522 6.575928 0.000000
v -1.633885 6.501969 0.000000
v -1.823491 6.382831 0.000000
v -1.981833 6.224490 0.000000
v -2.100970 6.034884 0.000000
v -2.174929 5.823521 0.000000
v -2.200001 5.601000 0.000000
v -2.200001 4.388000 0.000000
v 3.399999 3.888000 0.000000
v 3.529409 3.905037 0.000000
v 3.649999 3.954988 0.000000
v 3.753552 4.034447 0.000000
v 3.833011 4.138000 0.000000
v 3.882962 4.258591 0.000000
v 2.900000 3.388000 0.000000
v 2.917037 3.517409 0.000000
v 2.966987 3.638000 0.000000
v 3.046446 3.741553 0.000000
v 3.150000 3.821012 0.000000
v 3.270590 3.870963 0.000000
v 2.900000 2.600000 0.000000
v -1.200000 2.600000 0.000000
v -1.200000 3.388000 0.000000
v -1.700001 3.888000 0.000000
v -1.570591 3.870963 0.000000
v -1.450000 3.821013 0.000000
v -1.346447 3.741554 0.000000
v -1.266987 3.638000 0.000000
v -1.217037 3.517410 0.000000
v -2.182964 4.258590 0.000000
v -2.133014 4.138000 0.000000
v -2.053555 4.034446 0.000000
v -1.950001 3.954987 0.000000
v -1.829410 3.905037 0.000000
vt 0.950000 -0.734347 0.000000
vt 0.000000 -0.734347 0.000000
vt 0.950000 -0.801106 0.000000
vt 0.000000 -0.801106 0.000000
vt 0.950000 0.801106 0.000000
vt 0.000000 0.801106 0.000000
vt 0.950000 0.734347 0.000000
vt 0.000000 0.734347 0.000000
vt 0.950000 0.667588 0.000000
vt 0.000000 0.667588 0.000000
vt 0.950000 0.600830 0.000000
vt 0.000000 0.600830 0.000000
vt 0.950000 0.534071 0.000000
vt 0.000000 0.534071 0.000000
vt 0.950000 0.467312 0.000000
vt 0.000000 0.467312 0.000000
vt 0.950000 0.400553 0.000000
vt 0.000000 0.400553 0.000000
vt 0.950000 0.333794 0.000000
vt 0.000000 0.333794 0.000000
vt 0.950000 0.267035 0.000000
vt 0.000000 0.267035 0.000000
vt 0.950000 0.200277 0.000000
vt 0.000000 0.200277 0.000000
vt 0.950000 0.133518 0.000000
vt 0.000000 0.133518 0.000000
vt 0.950000 0.066759 0.000000
vt 0.000000 0.066759 0.000000
vt 0.950000 0.000000 0.000000
vt 0.000000 0.000000 0.000000
vt 0.950000 -0.066759 0.000000
vt -0.000000 -0.066759 0.000000
vt 0.950000 -0.133518 0.000000
vt 0.000000 -0.133518 0.000000
vt 0.950000 -0.200277 0.000000
vt 0.000000 -0.200277 0.000000
vt 0.950000 -0.267035 0.000000
vt -0.000000 -0.267035 0.000000
vt 0.950000 -0.333794 0.000000
vt -0.000000 -0.333794 0.000000
vt 0.950000 -0.400553 0.000000
vt 0.000000 -0.400553 0.000000
vt 0.950000 -0.467312 0.000000
vt 0.000000 -0.467312 0.000000
vt 0.950000 -0.534071 0.000000
vt 0.000000 -0.534071 0.000000
vt 0.950000 -0.600830 0.000000
vt 0.000000 -0.600830 0.000000
vt 0.950000 -0.667588 0.000000
vt 0.000000 -0.667588 0.000000
vt 0.000000 0.626873 0.000000
vt 0.300000 0.626873 0.000000
vt 0.000000 0.755823 0.000000
vt 0.300000 0.779534 0.000000
vt 0.000000 0.884773 0.000000
vt 0.300000 0.932194 0.000000
vt 0.000000 1.013723 0.000000
vt 0.300000 1.084855 0.000000
vt 0.000000 1.142673 0.000000
vt 0.300000 1.237515 0.000000
vt 0.000000 1.271622 0.000000
vt 0.300000 1.390176 0.000000
vt 0.000000 1.431320 0.000000
vt 0.300000 1.542836 0.000000
vt 0.000000 1.591018 0.000000
vt 0.300000 1.695497 0.000000
vt 0.000000 1.750715 0.000000
vt 0.300000 1.848157 0.000000
vt 0.000000 1.910413 0.000000
vt 0.300000 2.000818 0.000000
vt 0.000000 2.070111 0.000000
vt 0.300000 2.153478 0.000000
vt 0.000000 2.229808 0.000000
vt 0.300000 2.306138 0.000000
vt 0.000000 2.389506 0.000000
vt 0.300000 2.458799 0.000000
vt 0.000000 2.549204 0.000000
vt 0.300000 2.611459 0.000000
vt 0.000000 2.708901 0.000000
vt 0.300000 2.764120 0.000000
vt 0.000000 2.868599 0.000000
vt 0.300000 2.916780 0.000000
vt 0.000000 3.028296 0.000000
vt 0.300000 3.069441 0.000000
vt 0.000000 3.187994 0.000000
vt 0.300000 3.222101 0.000000
vt 0.000000 3.316944 0.000000
vt 0.300000 3.374762 0.000000
vt 0.000000 3.445894 0.000000
vt 0.300000 3.527422 0.000000
vt 0.000000 3.574843 0.000000
vt 0.300000 3.680083 0.000000
vt 0.000000 3.703793 0.000000
vt 0.300000 3.832743 0.000000
vt 0.000000 3.832743 0.000000
vt 0.000000 0.814606 0.000000
vt 0.300000 0.814606 0.000000
vt 0.000000 0.895548 0.000000
vt 0.300000 0.895548 0.000000
vt 0.000000 0.976489 0.000000
vt 0.300000 0.976489 0.000000
vt 0.000000 1.057431 0.000000
vt 0.300000 1.057431 0.000000
vt 0.000000 1.138372 0.000000
vt 0.300000 1.138372 0.000000
vt 0.000000 1.219314 0.000000
vt 0.300000 1.219314 0.000000
vt 0.000000 1.300255 0.000000
vt 0.300000 1.300255 0.000000
vt 0.000000 1.381197 0.000000
vt 0.300000 1.381197 0.000000
vt 0.000000 1.462138 0.000000
vt 0.300000 1.462138 0.000000
vt 0.000000 1.543080 0.000000
vt 0.300000 1.543080 0.000000
vt 0.000000 1.624021 0.000000
vt 0.300000 1.624021 0.000000
vt 0.000000 1.704963 0.000000
vt 0.300000 1.704963 0.000000
vt 0.000000 1.785904 0.000000
vt 0.300000 1.785904 0.000000
vt 0.000000 1.866846 0.000000
vt 0.300000 1.866846 0.000000
vt 0.000000 1.947787 0.000000
vt 0.300000 1.947787 0.000000
vt 0.003770 0.299825 0.000000
vt 0.078506 0.404615 0.000000
vt -0.076298 0.309997 0.000000
vt -0.156278 0.299155 0.000000
vt -1.145000 0.610000 0.000000
vt -0.230749 0.268034 0.000000
vt -0.294661 0.218744 0.000000
vt -0.343684 0.154625 0.000000
vt -0.374493 0.080025 0.000000
vt -0.385000 0.000000 0.000000
vt -1.145000 -0.610000 0.000000
vt -0.374493 -0.080025 0.000000
vt -0.343684 -0.154625 0.000000
vt -0.294661 -0.218744 0.000000
vt -0.230749 -0.268034 0.000000
vt -0.156278 -0.299155 0.000000
vt 0.078506 -0.404615 0.000000
vt -0.076298 -0.309997 0.000000
vt 0.003770 -0.299825 0.000000
vt 0.173565 0.491391 0.000000
vt 0.284715 0.556289 0.000000
vt 0.407008 0.596421 0.000000
vt 0.535000 0.610000 0.000000
vt 0.535000 -0.610000 0.000000
vt 0.407008 -0.596421 0.000000
vt 0.284715 -0.556289 0.000000
vt 0.173565 -0.491391 0.000000
vt 0.692880 0.589215 0.000000
vt 1.145000 0.610000 0.000000
vt 0.840000 0.528275 0.000000
vt 0.966335 0.431335 0.000000
vt 1.063275 0.305000 0.000000
vt 1.124215 0.157880 0.000000
vt 1.145000 0.000000 0.000000
vt 1.124215 -0.157880 0.000000
vt 1.145000 -0.610000 0.000000
vt 1.063275 -0.305000 0.000000
vt 0.966335 -0.431335 0.000000
vt 0.840000 -0.528275 0.000000
vt 0.692880 -0.589215 0.000000
vt 0.535000 -0.610000 0.000000
vt 0.650000 -0.359974 0.000000
vt 0.000000 -0.359974 0.000000
vt 0.650000 -0.392699 0.000000
vt 0.000000 -0.392699 0.000000
vt 0.650000 0.392699 0.000000
vt 0.000000 0.392699 0.000000
vt 0.650000 0.359974 0.000000
vt 0.000000 0.359974 0.000000
vt 0.650000 0.327249 0.000000
vt 0.000000 0.327249 0.000000
vt 0.650000 0.294524 0.000000
vt 0.000000 0.294524 0.000000
vt 0.650000 0.261799 0.000000
vt 0.000000 0.261799 0.000000
vt 0.650000 0.229074 0.000000
vt 0.000000 0.229074 0.000000
vt 0.650000 0.196350 0.000000
vt 0.000000 0.196350 0.000000
vt 0.650000 0.163625 0.000000
vt 0.000000 0.163625 0.000000
vt 0.650000 0.130900 0.000000
vt 0.000000 0.130900 0.000000
vt 0.650000 0.098175 0.000000
vt 0.000000 0.098175 0.000000
vt 0.650000 0.065450 0.000000
vt 0.000000 0.065450 0.000000
vt 0.650000 0.032725 0.000000
vt 0.000000 0.032725 0.000000
vt 0.650000 0.000000 0.000000
vt 0.000000 0.000000 0.000000
vt 0.650000 -0.032725 0.000000
vt 0.000000 -0.032725 0.000000
vt 0.650000 -0.065450 0.000000
vt 0.000000 -0.065450 0.000000
vt 0.650000 -0.098175 0.000000
vt 0.000000 -0.098175 0.000000
vt 0.650000 -0.130900 0.000000
vt 0.000000 -0.130900 0.000000
vt 0.650000 -0.163625 0.000000
vt 0.000000 -0.163625 0.000000
vt 0.650000 -0.196350 0.000000
vt 0.000000 -0.196350 0.000000
vt 0.650000 -0.229074 0.000000
vt 0.000000 -0.229074 0.000000
vt 0.650000 -0.261799 0.000000
vt 0.000000 -0.261799 0.000000
vt 0.650000 -0.294524 0.000000
vt 0.000000 -0.294524 0.000000
vt 0.650000 -0.327249 0.000000
vt 0.000000 -0.327249 0.000000
vt -0.120741 -0.032352 0.000000
vt 0.120741 -0.032352 0.000000
vt -0.125000 0.000000 0.000000
vt 0.125000 0.000000 0.000000
vt -0.120741 0.032352 0.000000
vt 0.120741 0.032352 0.000000
vt -0.108253 0.062500 0.000000
vt 0.108253 0.062500 0.000000
vt -0.088388 0.088388 0.000000
vt 0.088388 0.088388 0.000000
vt -0.062500 0.108253 0.000000
vt 0.062500 0.108253 0.000000
vt -0.032352 0.120741 0.000000
vt 0.032352 0.120741 0.000000
vt 0.000000 0.125000 0.000000
vt 0.108253 -0.062500 0.000000
vt -0.108253 -0.062500 0.000000
vt 0.088388 -0.088388 0.000000
vt -0.088388 -0.088388 0.000000
vt 0.062500 -0.108253 0.000000
vt -0.062500 -0.108253 0.000000
vt 0.032352 -0.120741 0.000000
vt -0.032352 -0.120741 0.000000
vt 0.000000 -0.125000 0.000000
vt 0.650000 -0.359974 0.000000
vt 0.000000 -0.359974 0.000000
vt 0.650000 -0.392699 0.000000
vt 0.000000 -0.392699 0.000000
vt 0.650000 0.392699 0.000000
vt 0.000000 0.392699 0.000000
vt 0.650000 0.359974 0.000000
vt 0.000000 0.359974 0.000000
vt 0.650000 0.327249 0.000000
vt 0.000000 0.327249 0.000000
vt 0.650000 0.294524 0.000000
vt 0.000000 0.294524 0.000000
vt 0.650000 0.261799 0.000000
vt 0.000000 0.261799 0.000000
vt 0.650000 0.229074 0.000000
vt 0.000000 0.229074 0.000000
vt 0.650000 0.196350 0.000000
vt 0.000000 0.196350 0.000000
vt 0.650000 0.163625 0.000000
vt 0.000000 0.163625 0.000000
vt 0.650000 0.130900 0.000000
vt 0.000000 0.130900 0.000000
vt 0.650000 0.098175 0.000000
vt 0.000000 0.098175 0.000000
vt 0.650000 0.065450 0.000000
vt 0.000000 0.065450 0.000000
vt 0.650000 0.032725 0.000000
vt 0.000000 0.032725 0.000000
vt 0.650000 0.000000 0.000000
vt 0.000000 0.000000 0.000000
vt 0.650000 -0.032725 0.000000
vt 0.000000 -0.032725 0.000000
vt 0.650000 -0.065450 0.000000
vt 0.000000 -0.065450 0.000000
vt 0.650000 -0.098175 0.000000
vt 0.000000 -0.098175 0.000000
vt 0.650000 -0.130900 0.000000
vt 0.000000 -0.130900 0.000000
vt 0.650000 -0.163625 0.000000
vt 0.000000 -0.163625 0.000000
vt 0.650000 -0.196350 0.000000
vt 0.000000 -0.196350 0.000000
vt 0.650000 -0.229074 0.000000
vt 0.000000 -0.229074 0.000000
vt 0.650000 -0.261799 0.000000
vt 0.000000 -0.261799 0.000000
vt 0.650000 -0.294524 0.000000
vt 0.000000 -0.294524 0.000000
vt 0.650000 -0.327249 0.000000
vt 0.000000 -0.327249 0.000000
vt -0.120741 -0.032352 0.000000
vt 0.120741 -0.032352 0.000000
vt -0.125000 0.000000 0.000000
vt 0.125000 0.000000 0.000000
vt -0.120741 0.032352 0.000000
vt 0.120741 0.032352 0.000000
vt -0.108253 0.062500 0.000000
vt 0.108253 0.062500 0.000000
vt -0.088388 0.088388 0.000000
vt 0.088388 0.088388 0.000000
vt -0.062500 0.108253 0.000000
vt 0.062500 0.108253 0.000000
vt -0.032352 0.120741 0.000000
vt 0.032352 0.120741 0.000000
vt 0.000000 0.125000 0.000000
vt 0.108253 -0.062500 0.000000
vt -0.108253 -0.062500 0.000000
vt 0.088388 -0.088388 0.000000
vt -0.088388 -0.088388 0.000000
vt 0.062500 -0.108253 0.000000
vt -0.062500 -0.108253 0.000000
vt 0.032352 -0.120741 0.000000
vt -0.032352 -0.120741 0.000000
vt 0.000000 -0.125000 0.000000
vt -2.290000 0.650000 0.000000
vt -2.290000 0.000000 0.000000
vt -0.610000 0.650000 0.000000
vt -0.000000 0.000000 0.000000
vt -0.000000 0.650000 0.000000
vt -1.220000 0.650000 0.000000
vt -1.220000 0.000000 0.000000
vt -0.610000 0.650000 0.000000
vt -0.000000 0.000000 0.000000
vt -0.000000 0.650000 0.000000
vt -2.290000 0.650000 0.000000
vt -2.290000 0.000000 0.000000
vt -1.680000 0.650000 0.000000
vt -0.000000 0.000000 0.000000
vt -0.000000 0.650000 0.000000
vt -1.220000 0.000000 0.000000
vt -0.000000 0.000000 0.000000
vt -1.220000 0.650000 0.000000
vt -0.000000 0.650000 0.000000
vt 0.200000 0.000000 0.000000
vt 0.000000 0.000000 0.000000
vt 0.200000 -0.052934 0.000000
vt 0.000000 -0.052934 0.000000
vt 0.200000 -0.105869 0.000000
vt 0.000000 -0.105869 0.000000
vt 0.200000 -0.158803 0.000000
vt 0.000000 -0.158803 0.000000
vt 0.200000 -0.211738 0.000000
vt 0.000000 -0.211738 0.000000
vt 0.200000 -0.264672 0.000000
vt 0.000000 -0.264672 0.000000
vt 0.200000 -0.317607 0.000000
vt 0.000000 -0.317607 0.000000
vt 0.200000 -0.370541 0.000000
vt 0.000000 -0.370541 0.000000
vt 0.200000 -0.423476 0.000000
vt 0.000000 -0.423476 0.000000
vt 0.200000 -0.476410 0.000000
vt 0.000000 -0.476410 0.000000
vt 0.200000 -0.529345 0.000000
vt 0.000000 -0.529345 0.000000
vt 0.200000 -0.582279 0.000000
vt 0.000000 -0.582279 0.000000
vt 0.200000 -0.635214 0.000000
vt 0.000000 -0.635214 0.000000
vt -1.641664 0.000000 0.000000
vt -0.000000 0.000000 0.000000
vt -1.641664 0.200000 0.000000
vt 0.000000 0.200000 0.000000
vt -1.641664 0.000000 0.000000
vt 0.000000 0.000000 0.000000
vt -1.641664 0.200000 0.000000
vt -0.000000 0.200000 0.000000
vt 0.200000 0.000000 0.000000
vt 0.000000 0.000000 0.000000
vt 0.200000 -0.052934 0.000000
vt 0.000000 -0.052934 0.000000
vt 0.200000 -0.105869 0.000000
vt 0.000000 -0.105869 0.000000
vt 0.200000 -0.158803 0.000000
vt 0.000000 -0.158803 0.000000
vt 0.200000 -0.211738 0.000000
vt 0.000000 -0.211738 0.000000
vt 0.200000 -0.264672 0.000000
vt 0.000000 -0.264672 0.000000
vt 0.200000 -0.317607 0.000000
vt 0.000000 -0.317607 0.000000
vt 0.200000 -0.370541 0.000000
vt 0.000000 -0.370541 0.000000
vt 0.200000 -0.423476 0.000000
vt 0.000000 -0.423476 0.000000
vt 0.200000 -0.476410 0.000000
vt 0.000000 -0.476410 0.000000
vt 0.200000 -0.529345 0.000000
vt 0.000000 -0.529345 0.000000
vt 0.200000 -0.582279 0.000000
vt 0.000000 -0.582279 0.000000
vt 0.200000 -0.635214 0.000000
vt 0.000000 -0.635214 0.000000
vt -1.641664 0.000000 0.000000
vt -0.000000 0.000000 0.000000
vt -1.641664 0.200000 0.000000
vt -0.000000 0.200000 0.000000
vt -1.641664 0.000000 0.000000
vt -0.000000 0.000000 0.000000
vt -1.641664 0.200000 0.000000
vt -0.000000 0.200000 0.000000
vt -1.636455 0.212324 0.000000
vt -1.775993 0.144495 0.000000
vt 0.000000 0.343000 0.000000
vt -1.806727 0.101563 0.000000
vt -1.825956 0.052391 0.000000
vt -1.688159 0.201631 0.000000
vt -1.735644 0.178548 0.000000
vt -1.832500 -0.000000 0.000000
vt 1.832500 -0.000000 0.000000
vt 1.825956 0.052391 0.000000
vt 0.000000 -0.343000 0.000000
vt -1.825956 -0.052391 0.000000
vt -1.806727 -0.101563 0.000000
vt -1.775993 -0.144495 0.000000
vt -1.636455 -0.212324 0.000000
vt -1.735644 -0.178548 0.000000
vt -1.688159 -0.201631 0.000000
vt 1.636455 -0.212324 0.000000
vt 1.775993 -0.144495 0.000000
vt 1.806727 -0.101563 0.000000
vt 1.825956 -0.052391 0.000000
vt 1.688159 -0.201631 0.000000
vt 1.735644 -0.178548 0.000000
vt 1.806727 0.101563 0.000000
vt 1.775993 0.144495 0.000000
vt 1.636455 0.212324 0.000000
vt 1.735644 0.178548 0.000000
vt 1.688159 0.201631 0.000000
vt -0.000000 0.785398 0.000000
vt -0.950000 0.785398 0.000000
vt -0.000000 0.560999 0.000000
vt -0.950000 0.560999 0.000000
vt -0.000000 0.336599 0.000000
vt -0.950000 0.336599 0.000000
vt -0.000000 0.112200 0.000000
vt -0.950000 0.112200 0.000000
vt -0.000000 -0.112200 0.000000
vt -0.950000 -0.112200 0.000000
vt -0.000000 -0.336599 0.000000
vt -0.950000 -0.336599 0.000000
vt -0.000000 -0.560999 0.000000
vt -0.950000 -0.560999 0.000000
vt -0.000000 -0.785398 0.000000
vt -0.950000 -0.785398 0.000000
vt 1.213000 0.950000 0.000000
vt -0.000000 0.950000 0.000000
vt 1.213000 0.000000 0.000000
vt -0.000000 0.000000 0.000000
vt 2.096311 1.066499 0.000000
vt 2.105000 1.000500 0.000000
vt 3.050000 1.000500 0.000000
vt 2.096311 0.934501 0.000000
vt 2.070836 0.873000 0.000000
vt 2.030312 0.820188 0.000000
vt 3.050000 -0.212500 0.000000
vt 1.977500 0.779664 0.000000
vt 1.915999 0.754189 0.000000
vt 1.850000 0.745500 0.000000
vt 2.420591 -0.729537 0.000000
vt 3.032963 -0.341909 0.000000
vt 2.550001 -0.712500 0.000000
vt 2.983013 -0.462500 0.000000
vt 2.903554 -0.566053 0.000000
vt 2.800000 -0.645512 0.000000
vt 2.679410 -0.695463 0.000000
vt 2.300001 -0.779488 0.000000
vt 1.784001 0.754189 0.000000
vt 2.196448 -0.858947 0.000000
vt 1.722500 0.779664 0.000000
vt -0.997751 0.732987 0.000000
vt -0.933839 0.782277 0.000000
vt 1.669688 0.820188 0.000000
vt -0.884816 0.846396 0.000000
vt 1.629164 0.873000 0.000000
vt -0.854007 0.920996 0.000000
vt 1.603689 0.934501 0.000000
vt -0.843500 1.001021 0.000000
vt 1.595000 1.000500 0.000000
vt 1.603689 1.066499 0.000000
vt -0.854007 1.081046 0.000000
vt 1.629164 1.128000 0.000000
vt -0.884816 1.155646 0.000000
vt 1.669688 1.180812 0.000000
vt -0.933839 1.219765 0.000000
vt 2.050000 2.000500 0.000000
vt -0.997751 1.269055 0.000000
vt -1.441319 1.518997 0.000000
vt -1.072222 1.300176 0.000000
vt -1.323074 1.423070 0.000000
vt -1.152202 1.311018 0.000000
vt -1.232270 1.300846 0.000000
vt 1.722500 1.221336 0.000000
vt 1.784001 1.246811 0.000000
vt 1.850000 1.255500 0.000000
vt 1.915999 1.246811 0.000000
vt 2.272521 1.975428 0.000000
vt 2.483884 1.901469 0.000000
vt 2.673490 1.782331 0.000000
vt 1.977500 1.221336 0.000000
vt 2.831831 1.623990 0.000000
vt 2.030312 1.180812 0.000000
vt 2.950969 1.434384 0.000000
vt 2.070836 1.128000 0.000000
vt 3.024928 1.223021 0.000000
vt -1.072222 0.701866 0.000000
vt -1.441319 0.483045 0.000000
vt 2.116989 -0.962500 0.000000
vt -1.323074 0.578972 0.000000
vt -1.152202 0.691024 0.000000
vt -1.232270 0.701196 0.000000
vt -2.116986 -0.962500 0.000000
vt -1.579637 0.419390 0.000000
vt -2.196445 -0.858946 0.000000
vt -1.729411 0.391974 0.000000
vt -2.299999 -0.779487 0.000000
vt -2.420590 -0.729537 0.000000
vt -1.881308 0.402505 0.000000
vt -3.050000 -0.212500 0.000000
vt -2.025866 0.450327 0.000000
vt -2.154077 0.532460 0.000000
vt -2.257953 0.643787 0.000000
vt -3.050000 1.000500 0.000000
vt -2.331021 0.777371 0.000000
vt -2.368731 0.924890 0.000000
vt -2.368731 1.077152 0.000000
vt -3.024928 1.223021 0.000000
vt -2.331021 1.224671 0.000000
vt -2.950969 1.434384 0.000000
vt -2.257953 1.358256 0.000000
vt -2.831831 1.623990 0.000000
vt -2.154077 1.469582 0.000000
vt -2.673490 1.782331 0.000000
vt -2.025866 1.551715 0.000000
vt -2.483884 1.901469 0.000000
vt -2.272521 1.975428 0.000000
vt -1.881308 1.599537 0.000000
vt -2.050000 2.000500 0.000000
vt -1.729411 1.610068 0.000000
vt -1.579637 1.582652 0.000000
vt -3.032963 -0.341910 0.000000
vt -2.549999 -0.712500 0.000000
vt -2.983013 -0.462500 0.000000
vt -2.903553 -0.566054 0.000000
vt -2.800000 -0.645513 0.000000
vt -2.679409 -0.695463 0.000000
vt 2.067038 -1.083091 0.000000
vt -2.067036 -1.083090 0.000000
vt 2.050001 -1.212500 0.000000
vt -2.049999 -1.212500 0.000000
vt 2.050001 -2.000500 0.000000
vt -2.049999 -2.000500 0.000000
vt -0.000000 0.785398 0.000000
vt -0.950000 0.785398 0.000000
vt -0.000000 0.560999 0.000000
vt -0.950000 0.560999 0.000000
vt -0.000000 0.336599 0.000000
vt -0.950000 0.336599 0.000000
vt -0.000000 0.112200 0.000000
vt -0.950000 0.112200 0.000000
vt -0.000000 -0.112200 0.000000
vt -0.950000 -0.112200 0.000000
vt -0.000000 -0.336599 0.000000
vt -0.950000 -0.336599 0.000000
vt -0.000000 -0.560999 0.000000
vt -0.950000 -0.560999 0.000000
vt -0.000000 -0.785398 0.000000
vt -0.950000 -0.785398 0.000000
vt 1.000000 0.000000 0.000000
vt 2.213000 0.000000 0.000000
vt 1.000000 0.950000 0.000000
vt 2.213000 0.950000 0.000000
vt 1.000000 0.000000 0.000000
vt 5.100000 0.000000 0.000000
vt 1.000000 0.950000 0.000000
vt 5.100000 0.950000 0.000000
vt -0.950000 -0.785397 0.000000
vt -0.000000 -0.785397 0.000000
vt -0.950000 -0.654498 0.000000
vt -0.000000 -0.654498 0.000000
vt -0.950000 -0.523598 0.000000
vt -0.000000 -0.523598 0.000000
vt -0.950000 -0.392699 0.000000
vt -0.000000 -0.392699 0.000000
vt -0.950000 -0.261799 0.000000
vt -0.000000 -0.261799 0.000000
vt -0.950000 -0.130900 0.000000
vt -0.000000 -0.130900 0.000000
vt -0.950000 0.000000 0.000000
vt -0.000000 0.000000 0.000000
vt 0.950000 0.785397 0.000000
vt -0.000000 0.785397 0.000000
vt 0.950000 0.654498 0.000000
vt -0.000000 0.654498 0.000000
vt 0.950000 0.523598 0.000000
vt -0.000000 0.523598 0.000000
vt 0.950000 0.392699 0.000000
vt 0.000000 0.392699 0.000000
vt 0.950000 0.261799 0.000000
vt -0.000000 0.261799 0.000000
vt 0.950000 0.130900 0.000000
vt -0.000000 0.130900 0.000000
vt 0.950000 -0.000000 0.000000
vt -0.000000 -0.000000 0.000000
vt 0.000000 0.000000 0.000000
vt 0.788000 0.000000 0.000000
vt 0.000000 0.950000 0.000000
vt 0.788000 0.950000 0.000000
vt 2.050000 0.132000 0.000000
vt 0.413545 0.262676 0.000000
vt 0.000000 0.000000 0.000000
vt 0.361841 0.273369 0.000000
vt 0.314356 0.296452 0.000000
vt 0.274007 0.330505 0.000000
vt 0.243273 0.373437 0.000000
vt 0.224044 0.422609 0.000000
vt 0.217500 0.475000 0.000000
vt 0.000000 0.950000 0.000000
vt 0.224044 0.527391 0.000000
vt 0.243273 0.576563 0.000000
vt 0.274007 0.619495 0.000000
vt 0.314356 0.653548 0.000000
vt 0.361841 0.676631 0.000000
vt 0.413545 0.687324 0.000000
vt 2.050000 0.818000 0.000000
vt 4.100000 0.950000 0.000000
vt 3.686455 0.687324 0.000000
vt 3.738159 0.676631 0.000000
vt 3.785644 0.653548 0.000000
vt 3.825993 0.619495 0.000000
vt 3.856727 0.576563 0.000000
vt 3.875956 0.527391 0.000000
vt 3.882500 0.475000 0.000000
vt 4.100000 0.000000 0.000000
vt 3.875956 0.422609 0.000000
vt 3.856727 0.373437 0.000000
vt 3.825993 0.330505 0.000000
vt 3.785644 0.296452 0.000000
vt 3.738159 0.273369 0.000000
vt 3.686455 0.262676 0.000000
vt 0.000000 0.000000 0.000000
vt 0.788000 0.000000 0.000000
vt 0.000000 0.950000 0.000000
vt 0.788000 0.950000 0.000000
vt 0.950000 0.785399 0.000000
vt -0.000000 0.785399 0.000000
vt 0.950000 0.654499 0.000000
vt -0.000000 0.654499 0.000000
vt 0.950000 0.523599 0.000000
vt 0.000000 0.523599 0.000000
vt 0.950000 0.392699 0.000000
vt 0.000000 0.392699 0.000000
vt 0.950000 0.261800 0.000000
vt -0.000000 0.261800 0.000000
vt 0.950000 0.130900 0.000000
vt 0.000000 0.130900 0.000000
vt 0.950000 -0.000000 0.000000
vt -0.000000 -0.000000 0.000000
vt -0.950000 0.000000 0.000000
vt -0.000000 0.000000 0.000000
vt -0.950000 0.130900 0.000000
vt -0.000000 0.130900 0.000000
vt -0.950000 0.261800 0.000000
vt -0.000000 0.261800 0.000000
vt -0.950000 0.392699 0.000000
vt -0.000000 0.392699 0.000000
vt -0.950000 0.523599 0.000000
vt -0.000000 0.523599 0.000000
vt -0.950000 0.654499 0.000000
vt -0.000000 0.654499 0.000000
vt -0.950000 0.785399 0.000000
vt -0.000000 0.785399 0.000000
vt -2.096311 0.934501 0.000000
vt -2.105000 1.000500 0.000000
vt -3.050000 1.000500 0.000000
vt -2.096311 1.066499 0.000000
vt -3.024928 1.223021 0.000000
vt -2.070836 1.128000 0.000000
vt -2.950969 1.434384 0.000000
vt -2.030312 1.180812 0.000000
vt -2.831831 1.623990 0.000000
vt -1.977500 1.221336 0.000000
vt -2.673490 1.782331 0.000000
vt -1.915999 1.246811 0.000000
vt -2.483884 1.901469 0.000000
vt -2.272521 1.975428 0.000000
vt -2.050000 2.000500 0.000000
vt -1.850000 1.255500 0.000000
vt -1.784001 1.246811 0.000000
vt -1.722500 1.221336 0.000000
vt 0.083500 1.611021 0.000000
vt 2.050000 2.000500 0.000000
vt 2.373500 1.611021 0.000000
vt 2.272521 1.975428 0.000000
vt 2.483884 1.901469 0.000000
vt 2.673490 1.782331 0.000000
vt 2.831831 1.623990 0.000000
vt 2.950969 1.434384 0.000000
vt 2.608000 1.126021 0.000000
vt 2.640352 1.121762 0.000000
vt -1.669688 1.180812 0.000000
vt -0.213500 1.109274 0.000000
vt -0.183352 1.121762 0.000000
vt -0.239388 1.089409 0.000000
vt -1.629164 1.128000 0.000000
vt -0.259253 1.063521 0.000000
vt -1.603689 1.066499 0.000000
vt -0.271741 1.033373 0.000000
vt -1.595000 1.000500 0.000000
vt -0.276000 1.001021 0.000000
vt -0.271741 0.968669 0.000000
vt -1.603689 0.934501 0.000000
vt -0.259253 0.938521 0.000000
vt -1.629164 0.873000 0.000000
vt -0.239388 0.912633 0.000000
vt -1.669688 0.820188 0.000000
vt -0.213500 0.892768 0.000000
vt 0.083500 0.391021 0.000000
vt -0.183352 0.880280 0.000000
vt -0.151000 0.876021 0.000000
vt -0.118648 0.880280 0.000000
vt -0.088500 0.892768 0.000000
vt -0.062612 0.912633 0.000000
vt -0.042747 0.938521 0.000000
vt -0.030259 0.968669 0.000000
vt -0.026000 1.001021 0.000000
vt -0.030259 1.033373 0.000000
vt -0.042747 1.063521 0.000000
vt -0.062612 1.089409 0.000000
vt -0.088500 1.109274 0.000000
vt -0.118648 1.121762 0.000000
vt -0.151000 1.126021 0.000000
vt -1.722500 0.779664 0.000000
vt -1.784001 0.754189 0.000000
vt -2.300001 -0.779488 0.000000
vt -1.850000 0.745500 0.000000
vt -2.420591 -0.729537 0.000000
vt -3.050000 -0.212500 0.000000
vt -3.032963 -0.341909 0.000000
vt -1.915999 0.754189 0.000000
vt -1.977500 0.779664 0.000000
vt -2.030312 0.820188 0.000000
vt -2.070836 0.873000 0.000000
vt 2.728741 1.033373 0.000000
vt 2.733000 1.001021 0.000000
vt 3.050000 1.000500 0.000000
vt 2.728741 0.968669 0.000000
vt 2.716253 0.938521 0.000000
vt 2.696388 0.912633 0.000000
vt 2.670500 0.892768 0.000000
vt 2.373500 0.391021 0.000000
vt 2.640352 0.880280 0.000000
vt 2.608000 0.876021 0.000000
vt 2.575648 0.880280 0.000000
vt 2.545500 0.892768 0.000000
vt 2.519612 0.912633 0.000000
vt 2.499747 0.938521 0.000000
vt 2.487259 0.968669 0.000000
vt 2.483000 1.001021 0.000000
vt 2.487259 1.033373 0.000000
vt 2.499747 1.063521 0.000000
vt 2.519612 1.089409 0.000000
vt 2.545500 1.109274 0.000000
vt 2.575648 1.121762 0.000000
vt 3.024928 1.223021 0.000000
vt 2.670500 1.109274 0.000000
vt 2.696388 1.089409 0.000000
vt 2.716253 1.063521 0.000000
vt 2.299999 -0.779487 0.000000
vt 2.420590 -0.729537 0.000000
vt 3.050000 -0.212500 0.000000
vt 3.032963 -0.341910 0.000000
vt 2.549999 -0.712500 0.000000
vt 2.983013 -0.462500 0.000000
vt 2.903553 -0.566054 0.000000
vt 2.800000 -0.645513 0.000000
vt 2.679409 -0.695463 0.000000
vt -2.550001 -0.712500 0.000000
vt -2.983013 -0.462500 0.000000
vt -2.903554 -0.566053 0.000000
vt -2.800000 -0.645512 0.000000
vt -2.679410 -0.695463 0.000000
vt -2.196448 -0.858947 0.000000
vt -2.116989 -0.962500 0.000000
vt -2.067038 -1.083091 0.000000
vt 2.067036 -1.083090 0.000000
vt -2.050001 -1.212500 0.000000
vt 2.049999 -1.212500 0.000000
vt 2.049999 -2.000500 0.000000
vt -2.050001 -2.000500 0.000000
vt 2.116986 -0.962500 0.000000
vt 2.196445 -0.858946 0.000000
vn -0.965926 0.258819 0.000000
vn -0.965926 0.258819 0.000000
vn -1.000000 0.000000 0.000000
vn -1.000000 0.000000 0.000000
vn -0.965926 -0.258819 -0.000000
vn -0.965926 -0.258819 -0.000000
vn -0.866025 -0.500000 -0.000000
vn -0.866025 -0.500000 -0.000000
vn -0.707107 -0.707107 -0.000000
vn -0.707107 -0.707107 -0.000000
vn -0.500000 -0.866025 -0.000000
vn -0.500000 -0.866025 -0.000000
vn -0.258819 -0.965926 -0.000000
vn -0.258819 -0.965926 -0.000000
vn 0.000000 -1.000000 0.000000
vn 0.000000 -1.000000 0.000000
vn 0.258819 -0.965926 0.000000
vn 0.258819 -0.965926 0.000000
vn 0.500000 -0.866025 0.000000
vn 0.500000 -0.866025 0.000000
vn 0.707107 -0.707107 0.000000
vn 0.707107 -0.707107 0.000000
vn 0.866025 -0.500000 0.000000
vn 0.866025 -0.500000 0.000000
vn 0.965926 -0.258819 0.000000
vn 0.965926 -0.258819 0.000000
vn 1.000000 -0.000000 0.000000
vn 1.000000 -0.000000 0.000000
vn 0.965926 0.258819 0.000000
vn 0.965926 0.258819 0.000000
vn 0.866025 0.500000 0.000000
vn 0.866025 0.500000 0.000000
vn 0.707107 0.707107 0.000000
vn 0.707107 0.707107 0.000000
vn 0.500000 0.866025 0.000000
vn 0.500000 0.866025 0.000000
vn 0.258819 0.965926 0.000000
vn 0.258819 0.965926 0.000000
vn 0.000000 1.000000 0.000000
vn 0.000000 1.000000 0.000000
vn -0.258819 0.965926 0.000000
vn -0.258819 0.965926 0.000000
vn -0.500000 0.866025 0.000000
vn -0.500000 0.866025 0.000000
vn -0.707107 0.707107 0.000000
vn -0.707107 0.707107 0.000000
vn -0.866025 0.500000 0.000000
vn -0.866025 0.500000 0.000000
vn -0.870868 -0.491517 0.000000
vn -0.870868 -0.491517 0.000000
vn -0.748351 -0.663303 0.000000
vn -0.722010 -0.691883 0.000000
vn -0.592517 -0.805558 0.000000
vn -0.528166 -0.849141 0.000000
vn -0.410303 -0.911949 0.000000
vn -0.301415 -0.953493 0.000000
vn -0.209822 -0.977740 0.000000
vn -0.055884 -0.998437 0.000000
vn 0.000000 -1.000000 0.000000
vn 0.193128 -0.981173 0.000000
vn 0.258819 -0.965926 0.000000
vn 0.430108 -0.902777 0.000000
vn 0.500000 -0.866025 0.000000
vn 0.640290 -0.768133 0.000000
vn 0.707107 -0.707107 0.000000
vn 0.810578 -0.585630 0.000000
vn 0.866025 -0.500000 0.000000
vn 0.930363 -0.366640 0.000000
vn 0.965926 -0.258819 0.000000
vn 0.992181 -0.124805 0.000000
vn 1.000000 -0.000000 0.000000
vn 0.992181 0.124805 -0.000000
vn 0.965926 0.258819 -0.000000
vn 0.930363 0.366640 -0.000000
vn 0.866025 0.500000 -0.000000
vn 0.810578 0.585630 -0.000000
vn 0.707107 0.707107 -0.000000
vn 0.640290 0.768133 -0.000000
vn 0.500000 0.866025 -0.000000
vn 0.430108 0.902777 -0.000000
vn 0.258819 0.965926 -0.000000
vn 0.193128 0.981173 -0.000000
vn 0.000000 1.000000 -0.000000
vn -0.055884 0.998437 0.000000
vn -0.209822 0.977740 0.000000
vn -0.301415 0.953493 0.000000
vn -0.410303 0.911949 0.000000
vn -0.528166 0.849141 0.000000
vn -0.592517 0.805558 0.000000
vn -0.722010 0.691883 0.000000
vn -0.748351 0.663303 0.000000
vn -0.870868 0.491517 0.000000
vn -0.870868 0.491517 0.000000
vn 0.254098 0.967178 -0.000000
vn 0.254098 0.967178 -0.000000
vn -0.004186 0.999991 0.000000
vn -0.004186 0.999991 0.000000
vn -0.262187 0.965017 0.000000
vn -0.262187 0.965017 0.000000
vn -0.502415 0.864627 0.000000
vn -0.502415 0.864627 0.000000
vn -0.708585 0.705625 0.000000
vn -0.708585 0.705625 0.000000
vn -0.866722 0.498791 0.000000
vn -0.866722 0.498791 0.000000
vn -0.966106 0.258145 0.000000
vn -0.966106 0.258145 0.000000
vn -1.000000 -0.000000 0.000000
vn -1.000000 -0.000000 0.000000
vn -0.966106 -0.258145 0.000000
vn -0.966106 -0.258145 0.000000
vn -0.866722 -0.498791 0.000000
vn -0.866722 -0.498791 0.000000
vn -0.708585 -0.705625 0.000000
vn -0.708585 -0.705625 0.000000
vn -0.502415 -0.864627 0.000000
vn -0.502415 -0.864627 0.000000
vn -0.262187 -0.965017 0.000000
vn -0.262187 -0.965017 0.000000
vn -0.004186 -0.999991 0.000000
vn -0.004186 -0.999991 0.000000
vn 0.254098 -0.967178 0.000000
vn 0.254098 -0.967178 0.000000
vn -0.000000 -0.000000 -1.000000
vn -0.000000 -0.000000 -1.000000
vn -0.000000 -0.000000 -1.000000
vn -0.000000 -0.000000 -1.000000
vn -0.000000 -0.000000 -1.000000
vn -0.000000 -0.000000 -1.000000
vn -0.000000 -0.000000 -1.000000
vn -0.000000 -0.000000 -1.000000
vn -0.000000 -0.000000 -1.000000
vn -0.000000 -0.000000 -1.000000
vn -0.000000 -0.000000 -1.000000
vn -0.000000 -0.000000 -1.000000
vn -0.000000 -0.000000 -1.000000
vn -0.000000 -0.000000 -1.000000
vn -0.000000 -0.000000 -1.000000
vn -0.000000 -0.000000 -1.000000
vn -0.000000 -0.000000 -1.000000
vn -0.000000 -0.000000 -1.000000
vn -0.000000 -0.000000 -1.000000
vn -0.000000 -0.000000 -1.000000
vn -0.000000 -0.000000 -1.000000
vn -0.000000 -0.000000 -1.000000
vn -0.000000 -0.000000 -1.000000
vn -0.000000 -0.000000 -1.000000
vn -0.000000 -0.000000 -1.000000
vn -0.000000 -0.000000 -1.000000
vn -0.000000 -0.000000 -1.000000
vn -0.000000 -0.000000 -1.000000
vn -0.000000 -0.000000 -1.000000
vn -0.000000 -0.000000 -1.000000
vn -0.000000 -0.000000 -1.000000
vn -0.000000 -0.000000 -1.000000
vn -0.000000 -0.000000 -1.000000
vn -0.000000 -0.000000 -1.000000
vn -0.000000 -0.000000 -1.000000
vn -0.000000 -0.000000 -1.000000
vn -0.000000 -0.000000 -1.000000
vn -0.000000 -0.000000 -1.000000
vn -0.000000 -0.000000 -1.000000
vn -0.000000 -0.000000 -1.000000
vn 0.965926 0.258819 -0.000000
vn 0.965926 0.258819 -0.000000
vn 1.000000 0.000000 -0.000000
vn 1.000000 0.000000 -0.000000
vn 0.965926 -0.258819 0.000000
vn 0.965926 -0.258819 0.000000
vn 0.866025 -0.500000 0.000000
vn 0.866025 -0.500000 0.000000
vn 0.707107 -0.707107 0.000000
vn 0.707107 -0.707107 0.000000
vn 0.500000 -0.866025 0.000000
vn 0.500000 -0.866025 0.000000
vn 0.258819 -0.965926 0.000000
vn 0.258819 -0.965926 0.000000
vn -0.000000 -1.000000 0.000000
vn -0.000000 -1.000000 0.000000
vn -0.258819 -0.965926 0.000000
vn -0.258819 -0.965926 0.000000
vn -0.500000 -0.866025 0.000000
vn -0.500000 -0.866025 0.000000
vn -0.707107 -0.707107 0.000000
vn -0.707107 -0.707107 0.000000
vn -0.866025 -0.500000 0.000000
vn -0.866025 -0.500000 0.000000
vn -0.965926 -0.258819 0.000000
vn -0.965926 -0.258819 0.000000
vn -1.000000 0.000000 0.000000
vn -1.000000 0.000000 0.000000
vn -0.965926 0.258819 0.000000
vn -0.965926 0.258819 0.000000
vn -0.866025 0.500000 0.000000
vn -0.866025 0.500000 0.000000
vn -0.707107 0.707107 0.000000
vn -0.707107 0.707107 0.000000
vn -0.500000 0.866025 0.000000
vn -0.500000 0.866025 0.000000
vn -0.258819 0.965926 0.000000
vn -0.258819 0.965926 0.000000
vn -0.000000 1.000000 0.000000
vn -0.000000 1.000000 0.000000
vn 0.258819 0.965926 -0.000000
vn 0.258819 0.965926 -0.000000
vn 0.500000 0.866025 -0.000000
vn 0.500000 0.866025 -0.000000
vn 0.707107 0.707107 -0.000000
vn 0.707107 0.707107 -0.000000
vn 0.866025 0.500000 -0.000000
vn 0.866025 0.500000 -0.000000
vn 0.000000 0.000000 -1.000000
vn 0.000000 0.000000 -1.000000
vn 0.000000 0.000000 -1.000000
vn 0.000000 0.000000 -1.000000
vn 0.000000 0.000000 -1.000000
vn 0.000000 0.000000 -1.000000
vn 0.000000 0.000000 -1.000000
vn 0.000000 0.000000 -1.000000
vn 0.000000 0.000000 -1.000000
vn 0.000000 0.000000 -1.000000
vn 0.000000 0.000000 -1.000000
vn 0.000000 0.000000 -1.000000
vn 0.000000 0.000000 -1.000000
vn 0.000000 0.000000 -1.000000
vn 0.000000 0.000000 -1.000000
vn 0.000000 0.000000 -1.000000
vn 0.000000 0.000000 -1.000000
vn 0.000000 0.000000 -1.000000
vn 0.000000 0.000000 -1.000000
vn 0.000000 0.000000 -1.000000
vn 0.000000 0.000000 -1.000000
vn 0.000000 0.000000 -1.000000
vn 0.000000 0.000000 -1.000000
vn 0.000000 0.000000 -1.000000
vn 0.965926 0.258819 -0.000000
vn 0.965926 0.258819 -0.000000
vn 1.000000 0.000000 -0.000000
vn 1.000000 0.000000 -0.000000
vn 0.965926 -0.258819 0.000000
vn 0.965926 -0.258819 0.000000
vn 0.866025 -0.500000 0.000000
vn 0.866025 -0.500000 0.000000
vn 0.707107 -0.707107 0.000000
vn 0.707107 -0.707107 0.000000
vn 0.500000 -0.866025 0.000000
vn 0.500000 -0.866025 0.000000
vn 0.258819 -0.965926 0.000000
vn 0.258819 -0.965926 0.000000
vn -0.000000 -1.000000 0.000000
vn -0.000000 -1.000000 0.000000
vn -0.258819 -0.965926 0.000000
vn -0.258819 -0.965926 0.000000
vn -0.500000 -0.866025 0.000000
vn -0.500000 -0.866025 0.000000
vn -0.707107 -0.707107 0.000000
vn -0.707107 -0.707107 0.000000
vn -0.866025 -0.500000 0.000000
vn -0.866025 -0.500000 0.000000
vn -0.965926 -0.258819 0.000000
vn -0.965926 -0.258819 0.000000
vn -1.000000 0.000000 0.000000
vn -1.000000 0.000000 0.000000
vn -0.965926 0.258819 0.000000
vn -0.965926 0.258819 0.000000
vn -0.866025 0.500000 0.000000
vn -0.866025 0.500000 0.000000
vn -0.707107 0.707107 0.000000
vn -0.707107 0.707107 0.000000
vn -0.500000 0.866025 0.000000
vn -0.500000 0.866025 0.000000
vn -0.258819 0.965926 0.000000
vn -0.258819 0.965926 0.000000
vn -0.000000 1.000000 0.000000
vn -0.000000 1.000000 0.000000
vn 0.258819 0.965926 -0.000000
vn 0.258819 0.965926 -0.000000
vn 0.500000 0.866025 -0.000000
vn 0.500000 0.866025 -0.000000
vn 0.707107 0.707107 -0.000000
vn 0.707107 0.707107 -0.000000
vn 0.866025 0.500000 -0.000000
vn 0.866025 0.500000 -0.000000
vn 0.000000 0.000000 -1.000000
vn 0.000000 0.000000 -1.000000
vn 0.000000 0.000000 -1.000000
vn 0.000000 0.000000 -1.000000
vn 0.000000 0.000000 -1.000000
vn 0.000000 0.000000 -1.000000
vn 0.000000 0.000000 -1.000000
vn 0.000000 0.000000 -1.000000
vn 0.000000 0.000000 -1.000000
vn 0.000000 0.000000 -1.000000
vn 0.000000 0.000000 -1.000000
vn 0.000000 0.000000 -1.000000
vn 0.000000 0.000000 -1.000000
vn 0.000000 0.000000 -1.000000
vn 0.000000 0.000000 -1.000000
vn 0.000000 0.000000 -1.000000
vn 0.000000 0.000000 -1.000000
vn 0.000000 0.000000 -1.000000
vn 0.000000 0.000000 -1.000000
vn 0.000000 0.000000 -1.000000
vn 0.000000 0.000000 -1.000000
vn 0.000000 0.000000 -1.000000
vn 0.000000 0.000000 -1.000000
vn 0.000000 0.000000 -1.000000
vn -0.000000 1.000000 -0.000000
vn -0.000000 1.000000 -0.000000
vn -0.000000 1.000000 -0.000000
vn -0.000000 1.000000 -0.000000
vn 1.000000 -0.000000 -0.000000
vn 1.000000 -0.000000 -0.000000
vn 1.000000 -0.000000 -0.000000
vn 1.000000 -0.000000 -0.000000
vn -0.000000 -1.000000 -0.000000
vn -0.000000 -1.000000 -0.000000
vn -0.000000 -1.000000 -0.000000
vn -0.000000 -1.000000 -0.000000
vn -1.000000 -0.000000 -0.000000
vn -1.000000 -0.000000 -0.000000
vn -1.000000 -0.000000 -0.000000
vn -1.000000 -0.000000 -0.000000
vn 0.079600 0.000000 -0.996827
vn 0.079600 0.000000 -0.996827
vn 0.322342 0.000000 -0.946623
vn 0.322342 0.000000 -0.946623
vn 0.545279 0.000000 -0.838255
vn 0.545279 0.000000 -0.838255
vn 0.734711 0.000000 -0.678381
vn 0.734711 0.000000 -0.678381
vn 0.878999 0.000000 -0.476824
vn 0.878999 0.000000 -0.476824
vn 0.969278 0.000000 -0.245968
vn 0.969278 0.000000 -0.245968
vn 1.000000 0.000000 -0.000000
vn 1.000000 0.000000 -0.000000
vn 0.969278 -0.000000 0.245968
vn 0.969278 -0.000000 0.245968
vn 0.878999 -0.000000 0.476824
vn 0.878999 -0.000000 0.476824
vn 0.734711 -0.000000 0.678381
vn 0.734711 -0.000000 0.678381
vn 0.545279 -0.000000 0.838255
vn 0.545279 -0.000000 0.838255
vn 0.322342 -0.000000 0.946623
vn 0.322342 -0.000000 0.946623
vn 0.079600 -0.000000 0.996827
vn 0.079600 -0.000000 0.996827
vn 0.079600 -0.000000 0.996827
vn 0.079600 -0.000000 0.996827
vn -0.079600 -0.000000 0.996827
vn -0.079600 -0.000000 0.996827
vn -0.079600 -0.000000 0.996827
vn -0.079600 -0.000000 0.996827
vn -0.322342 0.000000 0.946623
vn -0.322342 0.000000 0.946623
vn -0.545279 0.000000 0.838255
vn -0.545279 0.000000 0.838255
vn -0.734711 0.000000 0.678381
vn -0.734711 0.000000 0.678381
vn -0.878999 0.000000 0.476824
vn -0.878999 0.000000 0.476824
vn -0.969278 0.000000 0.245968
vn -0.969278 0.000000 0.245968
vn -1.000000 0.000000 -0.000000
vn -1.000000 0.000000 -0.000000
vn -0.969278 0.000000 -0.245968
vn -0.969278 0.000000 -0.245968
vn -0.878999 0.000000 -0.476824
vn -0.878999 0.000000 -0.476824
vn -0.734711 0.000000 -0.678381
vn -0.734711 0.000000 -0.678381
vn -0.545279 0.000000 -0.838255
vn -0.545279 0.000000 -0.838255
vn -0.322342 0.000000 -0.946623
vn -0.322342 0.000000 -0.946623
vn -0.079600 0.000000 -0.996827
vn -0.079600 0.000000 -0.996827
vn -0.079600 -0.000000 -0.996827
vn -0.079600 -0.000000 -0.996827
vn 0.079600 -0.000000 -0.996827
vn 0.079600 -0.000000 -0.996827
vn 0.000000 -1.000000 0.000000
vn 0.000000 -1.000000 0.000000
vn 0.000000 -1.000000 0.000000
vn 0.000000 -1.000000 0.000000
vn 0.000000 -1.000000 0.000000
vn 0.000000 -1.000000 0.000000
vn 0.000000 -1.000000 0.000000
vn 0.000000 -1.000000 0.000000
vn 0.000000 -1.000000 0.000000
vn 0.000000 -1.000000 0.000000
vn 0.000000 -1.000000 0.000000
vn 0.000000 -1.000000 0.000000
vn 0.000000 -1.000000 0.000000
vn 0.000000 -1.000000 0.000000
vn 0.000000 -1.000000 0.000000
vn 0.000000 -1.000000 0.000000
vn 0.000000 -1.000000 0.000000
vn 0.000000 -1.000000 0.000000
vn 0.000000 -1.000000 0.000000
vn 0.000000 -1.000000 0.000000
vn 0.000000 -1.000000 0.000000
vn 0.000000 -1.000000 0.000000
vn 0.000000 -1.000000 0.000000
vn 0.000000 -1.000000 0.000000
vn 0.000000 -1.000000 0.000000
vn 0.000000 -1.000000 0.000000
vn 0.000000 -1.000000 0.000000
vn 0.000000 -1.000000 0.000000
vn -0.000000 1.000000 -0.000000
vn -0.000000 1.000000 -0.000000
vn 0.222521 0.974928 -0.000000
vn 0.222521 0.974928 -0.000000
vn 0.433884 0.900969 -0.000000
vn 0.433884 0.900969 -0.000000
vn 0.623490 0.781831 -0.000000
vn 0.623490 0.781831 -0.000000
vn 0.781831 0.623490 -0.000000
vn 0.781831 0.623490 -0.000000
vn 0.900969 0.433884 -0.000000
vn 0.900969 0.433884 -0.000000
vn 0.974928 0.222521 -0.000000
vn 0.974928 0.222521 -0.000000
vn 1.000000 -0.000000 -0.000000
vn 1.000000 -0.000000 -0.000000
vn 1.000000 -0.000000 0.000000
vn 1.000000 -0.000000 0.000000
vn 0.000000 0.000000 1.000000
vn 0.000000 0.000000 1.000000
vn 0.000000 0.000000 1.000000
vn 0.000000 0.000000 1.000000
vn 0.000000 0.000000 1.000000
vn 0.000000 0.000000 1.000000
vn 0.000000 0.000000 1.000000
vn 0.000000 0.000000 1.000000
vn 0.000000 0.000000 1.000000
vn 0.000000 0.000000 1.000000
vn 0.000000 0.000000 1.000000
vn 0.000000 0.000000 1.000000
vn 0.000000 0.000000 1.000000
vn 0.000000 0.000000 1.000000
vn 0.000000 0.000000 1.000000
vn 0.000000 0.000000 1.000000
vn 0.000000 0.000000 1.000000
vn 0.000000 0.000000 1.000000
vn 0.000000 0.000000 1.000000
vn 0.000000 0.000000 1.000000
vn 0.000000 0.000000 1.000000
vn 0.000000 0.000000 1.000000
vn 0.000000 0.000000 1.000000
vn 0.000000 0.000000 1.000000
vn 0.000000 0.000000 1.000000
vn 0.000000 0.000000 1.000000
vn 0.000000 0.000000 1.000000
vn 0.000000 0.000000 1.000000
vn 0.000000 0.000000 1.000000
vn 0.000000 0.000000 1.000000
vn 0.000000 0.000000 1.000000
vn 0.000000 0.000000 1.000000
vn 0.000000 0.000000 1.000000
vn 0.000000 0.000000 1.000000
vn 0.000000 0.000000 1.000000
vn 0.000000 0.000000 1.000000
vn 0.000000 0.000000 1.000000
vn 0.000000 0.000000 1.000000
vn 0.000000 0.000000 1.000000
vn 0.000000 0.000000 1.000000
vn 0.000000 0.000000 1.000000
vn 0.000000 0.000000 1.000000
vn 0.000000 0.000000 1.000000
vn 0.000000 0.000000 1.000000
vn 0.000000 0.000000 1.000000
vn 0.000000 0.000000 1.000000
vn 0.000000 0.000000 1.000000
vn 0.000000 0.000000 1.000000
vn 0.000000 0.000000 1.000000
vn 0.000000 0.000000 1.000000
vn 0.000000 0.000000 1.000000
vn 0.000000 0.000000 1.000000
vn 0.000000 0.000000 1.000000
vn 0.000000 0.000000 1.000000
vn 0.000000 0.000000 1.000000
vn 0.000000 0.000000 1.000000
vn 0.000000 0.000000 1.000000
vn 0.000000 0.000000 1.000000
vn 0.000000 0.000000 1.000000
vn 0.000000 0.000000 1.000000
vn 0.000000 0.000000 1.000000
vn 0.000000 0.000000 1.000000
vn 0.000000 0.000000 1.000000
vn 0.000000 0.000000 1.000000
vn 0.000000 0.000000 1.000000
vn 0.000000 0.000000 1.000000
vn 0.000000 0.000000 1.000000
vn 0.000000 0.000000 1.000000
vn 0.000000 0.000000 1.000000
vn 0.000000 0.000000 1.000000
vn 0.000000 0.000000 1.000000
vn 0.000000 0.000000 1.000000
vn 0.000000 0.000000 1.000000
vn 0.000000 0.000000 1.000000
vn 0.000000 0.000000 1.000000
vn 0.000000 0.000000 1.000000
vn 0.000000 0.000000 1.000000
vn 0.000000 0.000000 1.000000
vn 0.000000 0.000000 1.000000
vn 0.000000 0.000000 1.000000
vn 0.000000 0.000000 1.000000
vn 0.000000 0.000000 1.000000
vn 0.000000 0.000000 1.000000
vn 0.000000 0.000000 1.000000
vn 0.000000 0.000000 1.000000
vn 0.000000 0.000000 1.000000
vn 0.000000 0.000000 1.000000
vn 0.000000 0.000000 1.000000
vn 0.000000 0.000000 1.000000
vn 0.000000 0.000000 1.000000
vn 0.000000 0.000000 1.000000
vn 0.000000 0.000000 1.000000
vn 0.000000 0.000000 1.000000
vn 0.000000 0.000000 1.000000
vn 0.000000 0.000000 1.000000
vn 0.000000 0.000000 1.000000
vn 0.000000 0.000000 1.000000
vn 0.000000 0.000000 1.000000
vn 0.000000 0.000000 1.000000
vn 0.000000 0.000000 1.000000
vn 0.000000 0.000000 1.000000
vn 0.000000 0.000000 1.000000
vn 0.000000 0.000000 1.000000
vn -1.000000 -0.000000 0.000000
vn -1.000000 -0.000000 0.000000
vn -0.974928 0.222521 -0.000000
vn -0.974928 0.222521 -0.000000
vn -0.900969 0.433884 -0.000000
vn -0.900969 0.433884 -0.000000
vn -0.781831 0.623490 -0.000000
vn -0.781831 0.623490 -0.000000
vn -0.623490 0.781831 -0.000000
vn -0.623490 0.781831 -0.000000
vn -0.433884 0.900969 -0.000000
vn -0.433884 0.900969 -0.000000
vn -0.222521 0.974928 -0.000000
vn -0.222521 0.974928 -0.000000
vn -0.000000 1.000000 -0.000000
vn -0.000000 1.000000 -0.000000
vn -1.000000 0.000000 0.000000
vn -1.000000 0.000000 0.000000
vn 0.000001 -1.000000 -0.000000
vn 0.000001 -1.000000 -0.000000
vn 0.258820 -0.965926 -0.000000
vn 0.258820 -0.965926 -0.000000
vn 0.500001 -0.866025 -0.000000
vn 0.500001 -0.866025 -0.000000
vn 0.707107 -0.707106 -0.000000
vn 0.707107 -0.707106 -0.000000
vn 0.866026 -0.500000 -0.000000
vn 0.866026 -0.500000 -0.000000
vn 0.965926 -0.258819 -0.000000
vn 0.965926 -0.258819 -0.000000
vn 1.000000 -0.000000 0.000000
vn 1.000000 -0.000000 0.000000
vn 0.965926 -0.258819 0.000000
vn 0.965926 -0.258819 0.000000
vn 0.866026 -0.500000 0.000000
vn 0.866026 -0.500000 0.000000
vn 0.707107 -0.707106 0.000000
vn 0.707107 -0.707106 0.000000
vn 0.500001 -0.866025 0.000000
vn 0.500001 -0.866025 0.000000
vn 0.258820 -0.965926 0.000000
vn 0.258820 -0.965926 0.000000
vn 1.000000 0.000000 0.000000
vn 1.000000 0.000000 0.000000
vn -0.000000 -1.000000 0.000000
vn -0.000000 -1.000000 0.000000
vn -0.000000 -1.000000 0.000000
vn -0.000000 -1.000000 0.000000
vn -0.000000 -1.000000 0.000000
vn -0.000000 -1.000000 0.000000
vn -0.000000 -1.000000 0.000000
vn -0.000000 -1.000000 0.000000
vn -0.000000 -1.000000 0.000000
vn -0.000000 -1.000000 0.000000
vn -0.000000 -1.000000 0.000000
vn -0.000000 -1.000000 0.000000
vn -0.000000 -1.000000 0.000000
vn -0.000000 -1.000000 0.000000
vn -0.000000 -1.000000 0.000000
vn -0.000000 -1.000000 0.000000
vn -0.000000 -1.000000 0.000000
vn -0.000000 -1.000000 0.000000
vn -0.000000 -1.000000 0.000000
vn -0.000000 -1.000000 0.000000
vn -0.000000 -1.000000 0.000000
vn -0.000000 -1.000000 0.000000
vn -0.000000 -1.000000 0.000000
vn -0.000000 -1.000000 0.000000
vn -0.000000 -1.000000 0.000000
vn -0.000000 -1.000000 0.000000
vn -0.000000 -1.000000 0.000000
vn -0.000000 -1.000000 0.000000
vn -0.000000 -1.000000 0.000000
vn -0.000000 -1.000000 0.000000
vn -0.000000 -1.000000 0.000000
vn -0.000000 -1.000000 0.000000
vn -1.000000 -0.000000 0.000000
vn -1.000000 -0.000000 0.000000
vn -1.000000 -0.000000 0.000000
vn -1.000000 -0.000000 0.000000
vn 0.000001 -1.000000 0.000000
vn 0.000001 -1.000000 0.000000
vn -0.258818 -0.965926 0.000000
vn -0.258818 -0.965926 0.000000
vn -0.499999 -0.866026 0.000000
vn -0.499999 -0.866026 0.000000
vn -0.707106 -0.707107 0.000000
vn -0.707106 -0.707107 0.000000
vn -0.866025 -0.500000 0.000000
vn -0.866025 -0.500000 0.000000
vn -0.965926 -0.258819 0.000000
vn -0.965926 -0.258819 0.000000
vn -1.000000 0.000000 0.000000
vn -1.000000 0.000000 0.000000
vn -1.000000 -0.000000 0.000000
vn -1.000000 -0.000000 0.000000
vn -0.965926 -0.258819 0.000000
vn -0.965926 -0.258819 0.000000
vn -0.866025 -0.500000 0.000000
vn -0.866025 -0.500000 0.000000
vn -0.707106 -0.707107 0.000000
vn -0.707106 -0.707107 0.000000
vn -0.499999 -0.866026 0.000000
vn -0.499999 -0.866026 0.000000
vn -0.258818 -0.965926 0.000000
vn -0.258818 -0.965926 0.000000
vn 0.000001 -1.000000 -0.000000
vn 0.000001 -1.000000 -0.000000
vn -0.000000 -0.000000 -1.000000
vn -0.000000 -0.000000 -1.000000
vn -0.000000 -0.000000 -1.000000
vn -0.000000 -0.000000 -1.000000
vn -0.000000 -0.000000 -1.000000
vn -0.000000 -0.000000 -1.000000
vn -0.000000 -0.000000 -1.000000
vn -0.000000 -0.000000 -1.000000
vn -0.000000 -0.000000 -1.000000
vn -0.000000 -0.000000 -1.000000
vn -0.000000 -0.000000 -1.000000
vn -0.000000 -0.000000 -1.000000
vn -0.000000 -0.000000 -1.000000
vn -0.000000 -0.000000 -1.000000
vn -0.000000 -0.000000 -1.000000
vn -0.000000 -0.000000 -1.000000
vn -0.000000 -0.000000 -1.000000
vn -0.000000 -0.000000 -1.000000
vn -0.000000 -0.000000 -1.000000
vn -0.000000 -0.000000 -1.000000
vn -0.000000 -0.000000 -1.000000
vn -0.000000 -0.000000 -1.000000
vn -0.000000 -0.000000 -1.000000
vn -0.000000 -0.000000 -1.000000
vn -0.000000 -0.000000 -1.000000
vn -0.000000 -0.000000 -1.000000
vn -0.000000 -0.000000 -1.000000
vn -0.000000 -0.000000 -1.000000
vn -0.000000 -0.000000 -1.000000
vn -0.000000 -0.000000 -1.000000
vn -0.000000 -0.000000 -1.000000
vn -0.000000 -0.000000 -1.000000
vn -0.000000 -0.000000 -1.000000
vn -0.000000 -0.000000 -1.000000
vn -0.000000 -0.000000 -1.000000
vn -0.000000 -0.000000 -1.000000
vn -0.000000 -0.000000 -1.000000
vn -0.000000 -0.000000 -1.000000
vn -0.000000 -0.000000 -1.000000
vn -0.000000 -0.000000 -1.000000
vn -0.000000 -0.000000 -1.000000
vn -0.000000 -0.000000 -1.000000
vn -0.000000 -0.000000 -1.000000
vn -0.000000 -0.000000 -1.000000
vn -0.000000 -0.000000 -1.000000
vn -0.000000 -0.000000 -1.000000
vn -0.000000 -0.000000 -1.000000
vn -0.000000 -0.000000 -1.000000
vn -0.000000 -0.000000 -1.000000
vn -0.000000 -0.000000 -1.000000
vn -0.000000 -0.000000 -1.000000
vn -0.000000 -0.000000 -1.000000
vn -0.000000 -0.000000 -1.000000
vn -0.000000 -0.000000 -1.000000
vn -0.000000 -0.000000 -1.000000
vn -0.000000 -0.000000 -1.000000
vn -0.000000 -0.000000 -1.000000
vn -0.000000 -0.000000 -1.000000
vn -0.000000 -0.000000 -1.000000
vn -0.000000 -0.000000 -1.000000
vn -0.000000 -0.000000 -1.000000
vn -0.000000 -0.000000 -1.000000
vn -0.000000 -0.000000 -1.000000
vn -0.000000 -0.000000 -1.000000
vn -0.000000 -0.000000 -1.000000
vn -0.000000 -0.000000 -1.000000
vn -0.000000 -0.000000 -1.000000
vn -0.000000 -0.000000 -1.000000
vn -0.000000 -0.000000 -1.000000
vn -0.000000 -0.000000 -1.000000
vn -0.000000 -0.000000 -1.000000
vn -0.000000 -0.000000 -1.000000
vn -0.000000 -0.000000 -1.000000
vn -0.000000 -0.000000 -1.000000
vn -0.000000 -0.000000 -1.000000
vn -0.000000 -0.000000 -1.000000
vn -0.000000 -0.000000 -1.000000
vn -0.000000 -0.000000 -1.000000
vn -0.000000 -0.000000 -1.000000
vn -0.000000 -0.000000 -1.000000
vn -0.000000 -0.000000 -1.000000
vn -0.000000 -0.000000 -1.000000
vn -0.000000 -0.000000 -1.000000
vn -0.000000 -0.000000 -1.000000
vn -0.000000 -0.000000 -1.000000
vn -0.000000 -0.000000 -1.000000
vn -0.000000 -0.000000 -1.000000
vn -0.000000 -0.000000 -1.000000
vn -0.000000 -0.000000 -1.000000
vn -0.000000 -0.000000 -1.000000
vn -0.000000 -0.000000 -1.000000
vn -0.000000 -0.000000 -1.000000
vn -0.000000 -0.000000 -1.000000
vn -0.000000 -0.000000 -1.000000
vn -0.000000 -0.000000 -1.000000
vn -0.000000 -0.000000 -1.000000
vn -0.000000 -0.000000 -1.000000
vn -0.000000 -0.000000 -1.000000
vn -0.000000 -0.000000 -1.000000
vn -0.000000 -0.000000 -1.000000
vn -0.000000 -0.000000 -1.000000
vn -0.000000 -0.000000 -1.000000
vn -0.000000 -0.000000 -1.000000
vn -0.000000 -0.000000 -1.000000
vn -0.000000 -0.000000 -1.000000
vn -0.000000 -0.000000 -1.000000
vn -0.000000 -0.000000 -1.000000
vn -0.000000 -0.000000 -1.000000
vn -0.000000 -0.000000 -1.000000
vn -0.000000 -0.000000 -1.000000
vn -0.000000 -0.000000 -1.000000
vn -0.000000 -0.000000 -1.000000
vn -0.000000 -0.000000 -1.000000
vn -0.000000 -0.000000 -1.000000
vn -0.000000 -0.000000 -1.000000
vn -0.000000 -0.000000 -1.000000
vn -0.000000 -0.000000 -1.000000
vn -0.000000 -0.000000 -1.000000
vn -0.000000 -0.000000 -1.000000
vn -0.000000 -0.000000 -1.000000
f 106/223/213 152/224/214 105/225/215
f 105/225/215 152/224/214 129/226/216
f 105/227/215 129/228/216 128/229/217
f 128/229/217 129/228/216 130/230/218
f 128/229/217 130/230/218 127/231/219
f 127/231/219 130/230/218 131/232/220
f 127/231/219 131/232/220 126/233/221
f 126/233/221 131/232/220 132/234/222
f 126/233/221 132/234/222 125/235/223
f 125/235/223 132/234/222 133/236/224
f 125/235/223 133/236/224 124/237/225
f 124/237/225 133/236/224 134/238/226
f 124/237/225 134/238/226 123/239/227
f 123/239/227 134/238/226 135/240/228
f 123/239/227 135/240/228 122/241/229
f 122/241/229 135/240/228 136/242/230
f 122/241/229 136/242/230 121/243/231
f 121/243/231 136/242/230 137/244/232
f 121/243/231 137/244/232 120/245/233
f 120/245/233 137/244/232 138/246/234
f 120/245/233 138/246/234 119/247/235
f 119/247/235 138/246/234 139/248/236
f 119/247/235 139/248/236 118/249/237
f 118/249/237 139/248/236 140/250/238
f 118/249/237 140/250/238 117/251/239
f 117/251/239 140/250/238 141/252/240
f 117/251/239 141/252/240 116/253/241
f 116/253/241 141/252/240 142/254/242
f 116/253/241 142/254/242 115/255/243
f 115/255/243 142/254/242 143/256/244
f 115/255/243 143/256/244 114/257/245
f 114/257/245 143/256/244 144/258/246
f 114/257/245 144/258/246 113/259/247
f 113/259/247 144/258/246 145/260/248
f 113/259/247 145/260/248 112/261/249
f 112/261/249 145/260/248 146/262/250
f 112/261/249 146/262/250 111/263/251
f 111/263/251 146/262/250 147/264/252
f 111/263/251 147/264/252 110/265/253
f 110/265/253 147/264/252 148/266/254
f 110/265/253 148/266/254 109/267/255
f 109/267/255 148/266/254 149/268/256
f 109/267/255 149/268/256 108/269/257
f 108/269/257 149/268/256 150/270/258
f 108/269/257 150/270/258 107/271/259
f 107/271/259 150/270/258 151/272/260
f 107/271/259 151/272/260 106/223/213
f 106/223/213 151/272/260 152/224/214
f 197/273/261 153/274/262 196/275/263
f 196/275/263 153/274/262 154/276/264
f 196/275/263 154/276/264 195/277/265
f 195/277/265 154/276/264 155/278/266
f 195/277/265 155/278/266 194/279/267
f 194/279/267 155/278/266 156/280/268
f 194/279/267 156/280/268 193/281/269
f 193/281/269 156/280/268 157/282/270
f 193/281/269 157/282/270 192/283/271
f 192/283/271 157/282/270 158/284/272
f 192/283/271 158/284/272 191/285/273
f 191/285/273 158/284/272 159/286/274
f 191/285/273 159/286/274 190/287/275
f 190/287/275 159/286/274 160/288/276
f 190/287/275 160/288/276 189/289/277
f 189/289/277 160/288/276 161/290/278
f 189/289/277 161/290/278 188/291/279
f 188/291/279 161/290/278 162/292/280
f 188/291/279 162/292/280 187/293/281
f 187/293/281 162/292/280 163/294/282
f 187/293/281 163/294/282 186/295/283
f 186/295/283 163/294/282 164/296/284
f 186/295/283 164/296/284 185/297/285
f 185/297/285 164/296/284 165/298/286
f 185/297/285 165/298/286 184/299/287
f 184/299/287 165/298/286 166/300/288
f 184/299/287 166/300/288 183/301/289
f 183/301/289 166/300/288 167/302/290
f 183/301/289 167/302/290 182/303/291
f 182/303/291 167/302/290 168/304/292
f 182/303/291 168/304/292 181/305/293
f 181/305/293 168/304/292 169/306/294
f 181/305/293 169/306/294 180/307/295
f 180/307/295 169/306/294 170/308/296
f 180/307/295 170/308/296 179/309/297
f 179/309/297 170/308/296 171/310/298
f 179/309/297 171/310/298 178/311/299
f 178/311/299 171/310/298 172/312/300
f 178/311/299 172/312/300 177/313/301
f 177/313/301 172/312/300 173/314/302
f 177/313/301 173/314/302 176/315/303
f 176/315/303 173/314/302 174/316/304
f 176/315/303 174/316/304 175/317/305
f 175/318/306 174/319/307 223/320/308
f 223/320/308 174/319/307 198/321/309
f 223/320/308 198/321/309 222/322/310
f 222/322/310 198/321/309 199/323/311
f 222/322/310 199/323/311 221/324/312
f 221/324/312 199/323/311 200/325/313
f 221/324/312 200/325/313 220/326/314
f 220/326/314 200/325/313 201/327/315
f 220/326/314 201/327/315 219/328/316
f 219/328/316 201/327/315 202/329/317
f 219/328/316 202/329/317 218/330/318
f 218/330/318 202/329/317 203/331/319
f 218/330/318 203/331/319 217/332/320
f 217/332/320 203/331/319 204/333/321
f 217/332/320 204/333/321 216/334/322
f 216/334/322 204/333/321 205/335/323
f 216/334/322 205/335/323 215/336/324
f 215/336/324 205/335/323 206/337/325
f 215/336/324 206/337/325 214/338/326
f 214/338/326 206/337/325 207/339/327
f 214/338/326 207/339/327 213/340/328
f 213/340/328 207/339/327 208/341/329
f 213/340/328 208/341/329 212/342/330
f 212/342/330 208/341/329 209/343/331
f 212/342/330 209/343/331 211/344/332
f 211/344/332 209/343/331 210/345/333
f 211/344/332 210/345/333 197/346/334
f 197/346/334 210/345/333 153/347/335
f 197/348/336 196/349/337 211/350/338
f 211/350/338 196/349/337 212/351/339
f 212/351/339 196/349/337 224/352/340
f 212/351/339 224/352/340 213/353/341
f 213/353/341 224/352/340 214/354/342
f 214/354/342 224/352/340 215/355/343
f 215/355/343 224/352/340 216/356/344
f 216/356/344 224/352/340 217/357/345
f 217/357/345 224/352/340 225/358/346
f 217/357/345 225/358/346 218/359/347
f 218/359/347 225/358/346 219/360/348
f 219/360/348 225/358/346 220/361/349
f 220/361/349 225/358/346 221/362/350
f 221/362/350 225/358/346 222/363/351
f 222/363/351 225/358/346 176/364/352
f 222/363/351 176/364/352 223/365/353
f 223/365/353 176/364/352 175/366/354
f 196/349/337 195/367/355 224/352/340
f 224/352/340 195/367/355 194/368/356
f 224/352/340 194/368/356 193/369/357
f 193/369/357 192/370/358 224/352/340
f 180/371/359 179/372/360 225/358/346
f 225/358/346 179/372/360 178/373/361
f 225/358/346 178/373/361 177/374/362
f 177/374/362 176/364/352 225/358/346
f 192/370/358 191/375/363 226/376/364
f 226/376/364 191/375/363 190/377/365
f 226/376/364 190/377/365 189/378/366
f 189/378/366 188/379/367 226/376/364
f 226/376/364 188/379/367 187/380/368
f 226/376/364 187/380/368 186/381/369
f 186/381/369 185/382/370 227/383/371
f 227/383/371 185/382/370 184/384/372
f 227/383/371 184/384/372 183/385/373
f 183/385/373 182/386/374 227/383/371
f 227/383/371 182/386/374 181/387/375
f 227/383/371 181/387/375 180/388/359
f 229/389/376 275/390/377 228/391/378
f 228/391/378 275/390/377 252/392/379
f 228/393/378 252/394/379 251/395/380
f 251/395/380 252/394/379 253/396/381
f 251/395/380 253/396/381 250/397/382
f 250/397/382 253/396/381 254/398/383
f 250/397/382 254/398/383 249/399/384
f 249/399/384 254/398/383 255/400/385
f 249/399/384 255/400/385 248/401/386
f 248/401/386 255/400/385 256/402/387
f 248/401/386 256/402/387 247/403/388
f 247/403/388 256/402/387 257/404/389
f 247/403/388 257/404/389 246/405/390
f 246/405/390 257/404/389 258/406/391
f 246/405/390 258/406/391 245/407/392
f 245/407/392 258/406/391 259/408/393
f 245/407/392 259/408/393 244/409/394
f 244/409/394 259/408/393 260/410/395
f 244/409/394 260/410/395 243/411/396
f 243/411/396 260/410/395 261/412/397
f 243/411/396 261/412/397 242/413/398
f 242/413/398 261/412/397 262/414/399
f 242/413/398 262/414/399 241/415/400
f 241/415/400 262/414/399 263/416/401
f 241/415/400 263/416/401 240/417/402
f 240/417/402 263/416/401 264/418/403
f 240/417/402 264/418/403 239/419/404
f 239/419/404 264/418/403 265/420/405
f 239/419/404 265/420/405 238/421/406
f 238/421/406 265/420/405 266/422/407
f 238/421/406 266/422/407 237/423/408
f 237/423/408 266/422/407 267/424/409
f 237/423/408 267/424/409 236/425/410
f 236/425/410 267/424/409 268/426/411
f 236/425/410 268/426/411 235/427/412
f 235/427/412 268/426/411 269/428/413
f 235/427/412 269/428/413 234/429/414
f 234/429/414 269/428/413 270/430/415
f 234/429/414 270/430/415 233/431/416
f 233/431/416 270/430/415 271/432/417
f 233/431/416 271/432/417 232/433/418
f 232/433/418 271/432/417 272/434/419
f 232/433/418 272/434/419 231/435/420
f 231/435/420 272/434/419 273/436/421
f 231/435/420 273/436/421 230/437/422
f 230/437/422 273/436/421 274/438/423
f 230/437/422 274/438/423 229/389/376
f 229/389/376 274/438/423 275/390/377
f 251/439/424 241/440/425 228/441/426
f 228/441/426 241/440/425 240/442/427
f 228/441/426 240/442/427 229/443/428
f 229/443/428 240/442/427 239/444/429
f 229/443/428 239/444/429 230/445/430
f 230/445/430 239/444/429 238/446/431
f 230/445/430 238/446/431 231/447/432
f 231/447/432 238/446/431 237/448/433
f 231/447/432 237/448/433 232/449/434
f 232/449/434 237/448/433 236/450/435
f 232/449/434 236/450/435 233/451/436
f 233/451/436 236/450/435 235/452/437
f 233/451/436 235/452/437 234/453/438
f 241/440/425 251/439/424 242/454/439
f 242/454/439 251/439/424 250/455/440
f 242/454/439 250/455/440 243/456/441
f 243/456/441 250/455/440 249/457/442
f 243/456/441 249/457/442 244/458/443
f 244/458/443 249/457/442 248/459/444
f 244/458/443 248/459/444 245/460/445
f 245/460/445 248/459/444 247/461/446
f 245/460/445 247/461/446 246/462/447
f 277/463/448 323/464/449 276/465/450
f 276/465/450 323/464/449 300/466/451
f 276/467/450 300/468/451 299/469/452
f 299/469/452 300/468/451 301/470/453
f 299/469/452 301/470/453 298/471/454
f 298/471/454 301/470/453 302/472/455
f 298/471/454 302/472/455 297/473/456
f 297/473/456 302/472/455 303/474/457
f 297/473/456 303/474/457 296/475/458
f 296/475/458 303/474/457 304/476/459
f 296/475/458 304/476/459 295/477/460
f 295/477/460 304/476/459 305/478/461
f 295/477/460 305/478/461 294/479/462
f 294/479/462 305/478/461 306/480/463
f 294/479/462 306/480/463 293/481/464
f 293/481/464 306/480/463 307/482/465
f 293/481/464 307/482/465 292/483/466
f 292/483/466 307/482/465 308/484/467
f 292/483/466 308/484/467 291/485/468
f 291/485/468 308/484/467 309/486/469
f 291/485/468 309/486/469 290/487/470
f 290/487/470 309/486/469 310/488/471
f 290/487/470 310/488/471 289/489/472
f 289/489/472 310/488/471 311/490/473
f 289/489/472 311/490/473 288/491/474
f 288/491/474 311/490/473 312/492/475
f 288/491/474 312/492/475 287/493/476
f 287/493/476 312/492/475 313/494/477
f 287/493/476 313/494/477 286/495/478
f 286/495/478 313/494/477 314/496/479
f 286/495/478 314/496/479 285/497/480
f 285/497/480 314/496/479 315/498/481
f 285/497/480 315/498/481 284/499/482
f 284/499/482 315/498/481 316/500/483
f 284/499/482 316/500/483 283/501/484
f 283/501/484 316/500/483 317/502/485
f 283/501/484 317/502/485 282/503/486
f 282/503/486 317/502/485 318/504/487
f 282/503/486 318/504/487 281/505/488
f 281/505/488 318/504/487 319/506/489
f 281/505/488 319/506/489 280/507/490
f 280/507/490 319/506/489 320/508/491
f 280/507/490 320/508/491 279/509/492
f 279/509/492 320/508/491 321/510/493
f 279/509/492 321/510/493 278/511/494
f 278/511/494 321/510/493 322/512/495
f 278/511/494 322/512/495 277/463/448
f 277/463/448 322/512/495 323/464/449
f 299/513/496 289/514/497 276/515/498
f 276/515/498 289/514/497 288/516/499
f 276/515/498 288/516/499 277/517/500
f 277/517/500 288/516/499 287/518/501
f 277/517/500 287/518/501 278/519/502
f 278/519/502 287/518/501 286/520/503
f 278/519/502 286/520/503 279/521/504
f 279/521/504 286/520/503 285/522/505
f 279/521/504 285/522/505 280/523/506
f 280/523/506 285/522/505 284/524/507
f 280/523/506 284/524/507 281/525/508
f 281/525/508 284/524/507 283/526/509
f 281/525/508 283/526/509 282/527/510
f 289/514/497 299/513/496 290/528/511
f 290/528/511 299/513/496 298/529/512
f 290/528/511 298/529/512 291/530/513
f 291/530/513 298/529/512 297/531/514
f 291/530/513 297/531/514 292/532/515
f 292/532/515 297/531/514 296/533/516
f 292/532/515 296/533/516 293/534/517
f 293/534/517 296/533/516 295/535/518
f 293/534/517 295/535/518 294/536/519
f 225/537/520 324/538/521 180/539/295
f 180/539/295 324/538/521 325/540/522
f 180/539/295 325/540/522 227/541/523
f 227/542/524 325/543/525 186/544/283
f 186/544/283 325/543/525 326/545/526
f 186/544/283 326/545/526 226/546/527
f 226/547/528 326/548/529 192/549/271
f 192/549/271 326/548/529 327/550/530
f 192/549/271 327/550/530 224/551/531
f 327/552/532 324/553/533 224/554/534
f 224/554/534 324/553/533 225/555/535
f 353/556/536 328/557/537 352/558/538
f 352/558/538 328/557/537 329/559/539
f 352/558/538 329/559/539 351/560/540
f 351/560/540 329/559/539 330/561/541
f 351/560/540 330/561/541 350/562/542
f 350/562/542 330/561/541 331/563/543
f 350/562/542 331/563/543 349/564/544
f 349/564/544 331/563/543 332/565/545
f 349/564/544 332/565/545 348/566/546
f 348/566/546 332/565/545 333/567/547
f 348/566/546 333/567/547 347/568/548
f 347/568/548 333/567/547 334/569/549
f 347/568/548 334/569/549 346/570/550
f 346/570/550 334/569/549 335/571/551
f 346/570/550 335/571/551 345/572/552
f 345/572/552 335/571/551 336/573/553
f 345/572/552 336/573/553 344/574/554
f 344/574/554 336/573/553 337/575/555
f 344/574/554 337/575/555 343/576/556
f 343/576/556 337/575/555 338/577/557
f 343/576/556 338/577/557 342/578/558
f 342/578/558 338/577/557 339/579/559
f 342/578/558 339/579/559 341/580/560
f 341/580/560 339/579/559 340/581/561
f 340/582/561 354/583/562 341/584/560
f 341/584/560 354/583/562 355/585/563
f 354/586/564 356/587/565 355/588/566
f 355/588/566 356/587/565 357/589/567
f 357/590/567 356/591/565 381/592/568
f 381/592/568 356/591/565 358/593/569
f 381/592/568 358/593/569 380/594/570
f 380/594/570 358/593/569 359/595/571
f 380/594/570 359/595/571 379/596/572
f 379/596/572 359/595/571 360/597/573
f 379/596/572 360/597/573 378/598/574
f 378/598/574 360/597/573 361/599/575
f 378/598/574 361/599/575 377/600/576
f 377/600/576 361/599/575 362/601/577
f 377/600/576 362/601/577 376/602/578
f 376/602/578 362/601/577 363/603/579
f 376/602/578 363/603/579 375/604/580
f 375/604/580 363/603/579 364/605/581
f 375/604/580 364/605/581 374/606/582
f 374/606/582 364/605/581 365/607/583
f 374/606/582 365/607/583 373/608/584
f 373/608/584 365/607/583 366/609/585
f 373/608/584 366/609/585 372/610/586
f 372/610/586 366/609/585 367/611/587
f 372/610/586 367/611/587 371/612/588
f 371/612/588 367/611/587 368/613/589
f 371/612/588 368/613/589 370/614/590
f 370/614/590 368/613/589 369/615/591
f 369/616/591 382/617/592 370/618/590
f 370/618/590 382/617/592 383/619/593
f 382/620/594 328/621/537 383/622/595
f 383/622/595 328/621/537 353/623/536
f 353/624/596 350/625/597 383/626/598
f 383/626/598 350/625/597 349/627/599
f 383/626/598 349/627/599 348/628/600
f 352/629/601 351/630/602 353/624/596
f 353/624/596 351/630/602 350/625/597
f 348/628/600 347/631/603 383/626/598
f 383/626/598 347/631/603 376/632/604
f 383/626/598 376/632/604 375/633/605
f 376/632/604 347/631/603 355/634/606
f 355/634/606 347/631/603 346/635/607
f 355/634/606 346/635/607 345/636/608
f 345/636/608 344/637/609 355/634/606
f 355/634/606 344/637/609 341/638/610
f 341/638/610 344/637/609 343/639/611
f 341/638/610 343/639/611 342/640/612
f 357/641/613 379/642/614 355/634/606
f 355/634/606 379/642/614 378/643/615
f 355/634/606 378/643/615 377/644/616
f 381/645/617 380/646/618 357/641/613
f 357/641/613 380/646/618 379/642/614
f 377/644/616 376/632/604 355/634/606
f 375/633/605 374/647/619 383/626/598
f 383/626/598 374/647/619 373/648/620
f 383/626/598 373/648/620 370/649/621
f 370/649/621 373/648/620 372/650/622
f 370/649/621 372/650/622 371/651/623
f 399/652/624 384/653/625 398/654/626
f 398/654/626 384/653/625 385/655/627
f 398/654/626 385/655/627 397/656/628
f 397/656/628 385/655/627 386/657/629
f 397/656/628 386/657/629 396/658/630
f 396/658/630 386/657/629 387/659/631
f 396/658/630 387/659/631 395/660/632
f 395/660/632 387/659/631 388/661/633
f 395/660/632 388/661/633 394/662/634
f 394/662/634 388/661/633 389/663/635
f 394/662/634 389/663/635 393/664/636
f 393/664/636 389/663/635 390/665/637
f 393/664/636 390/665/637 392/666/638
f 392/666/638 390/665/637 391/667/639
f 391/668/639 400/669/640 392/670/638
f 392/670/638 400/669/640 401/671/641
f 130/672/642 129/673/643 391/674/644
f 391/674/644 129/673/643 152/675/645
f 391/674/644 152/675/645 151/676/646
f 151/676/646 150/677/647 391/674/644
f 391/674/644 150/677/647 400/678/648
f 400/678/648 150/677/647 149/679/649
f 400/678/648 149/679/649 148/680/650
f 148/680/650 147/681/651 400/678/648
f 400/678/648 147/681/651 430/682/652
f 400/678/648 430/682/652 436/683/653
f 436/683/653 430/682/652 431/684/654
f 436/683/653 431/684/654 435/685/655
f 435/685/655 431/684/654 434/686/656
f 434/686/656 431/684/654 433/687/657
f 433/687/657 431/684/654 432/688/658
f 430/682/652 147/681/651 429/689/659
f 429/689/659 147/681/651 146/690/660
f 429/689/659 146/690/660 428/691/661
f 428/691/661 146/690/660 145/692/662
f 428/691/661 145/692/662 200/693/663
f 200/693/663 145/692/662 201/694/664
f 201/694/664 145/692/662 144/695/665
f 201/694/664 144/695/665 202/696/666
f 202/696/666 144/695/665 143/697/667
f 202/696/666 143/697/667 203/698/668
f 203/698/668 143/697/667 142/699/669
f 203/698/668 142/699/669 204/700/670
f 204/700/670 142/699/669 141/701/671
f 204/700/670 141/701/671 140/702/672
f 204/700/670 140/702/672 205/703/673
f 205/703/673 140/702/672 139/704/674
f 205/703/673 139/704/674 206/705/675
f 206/705/675 139/704/674 138/706/676
f 206/705/675 138/706/676 207/707/677
f 207/707/677 138/706/676 384/708/678
f 207/707/677 384/708/678 208/709/679
f 208/709/679 384/708/678 155/710/680
f 208/709/679 155/710/680 209/711/681
f 209/711/681 155/710/680 154/712/682
f 209/711/681 154/712/682 210/713/683
f 210/713/683 154/712/682 153/714/684
f 138/706/676 137/715/685 384/708/678
f 384/708/678 137/715/685 136/716/686
f 384/708/678 136/716/686 135/717/687
f 135/717/687 134/718/688 384/708/678
f 384/708/678 134/718/688 385/719/689
f 385/719/689 134/718/688 386/720/690
f 386/720/690 134/718/688 387/721/691
f 387/721/691 134/718/688 133/722/692
f 387/721/691 133/722/692 388/723/693
f 388/723/693 133/722/692 132/724/694
f 388/723/693 132/724/694 389/725/695
f 389/725/695 132/724/694 131/726/696
f 389/725/695 131/726/696 390/727/697
f 390/727/697 131/726/696 130/672/642
f 390/727/697 130/672/642 391/674/644
f 199/728/698 172/729/699 200/693/663
f 200/693/663 172/729/699 427/730/700
f 200/693/663 427/730/700 428/691/661
f 172/729/699 199/728/698 173/731/701
f 173/731/701 199/728/698 198/732/702
f 173/731/701 198/732/702 174/733/703
f 427/730/700 172/729/699 420/734/704
f 420/734/704 172/729/699 171/735/705
f 420/734/704 171/735/705 419/736/706
f 419/736/706 171/735/705 170/737/707
f 419/736/706 170/737/707 418/738/708
f 418/738/708 170/737/707 417/739/709
f 417/739/709 170/737/707 169/740/710
f 417/739/709 169/740/710 410/741/711
f 410/741/711 169/740/710 168/742/712
f 410/741/711 168/742/712 167/743/713
f 167/743/713 166/744/714 410/741/711
f 410/741/711 166/744/714 409/745/715
f 409/745/715 166/744/714 165/746/716
f 409/745/715 165/746/716 164/747/717
f 164/747/717 163/748/718 409/745/715
f 409/745/715 163/748/718 408/749/719
f 408/749/719 163/748/718 162/750/720
f 408/749/719 162/750/720 407/751/721
f 407/751/721 162/750/720 161/752/722
f 407/751/721 161/752/722 406/753/723
f 406/753/723 161/752/722 160/754/724
f 406/753/723 160/754/724 405/755/725
f 405/755/725 160/754/724 159/756/726
f 405/755/725 159/756/726 404/757/727
f 404/757/727 159/756/726 403/758/728
f 403/758/728 159/756/726 158/759/729
f 403/758/728 158/759/729 402/760/730
f 402/760/730 158/759/729 157/761/731
f 402/760/730 157/761/731 156/762/732
f 156/762/732 155/710/680 402/760/730
f 402/760/730 155/710/680 384/708/678
f 410/741/711 411/763/733 417/739/709
f 417/739/709 411/763/733 416/764/734
f 416/764/734 411/763/733 412/765/735
f 416/764/734 412/765/735 413/766/736
f 413/766/736 414/767/737 416/764/734
f 416/764/734 414/767/737 415/768/738
f 427/730/700 420/734/704 426/769/739
f 426/769/739 420/734/704 421/770/740
f 426/769/739 421/770/740 425/771/741
f 425/771/741 421/770/740 422/772/742
f 425/771/741 422/772/742 424/773/743
f 424/773/743 422/772/742 423/774/744
f 444/775/745 409/776/746 443/777/747
f 443/777/747 409/776/746 408/778/748
f 443/777/747 408/778/748 442/779/749
f 442/779/749 408/778/748 407/780/750
f 442/779/749 407/780/750 441/781/751
f 441/781/751 407/780/750 406/782/752
f 441/781/751 406/782/752 440/783/753
f 440/783/753 406/782/752 405/784/754
f 440/783/753 405/784/754 439/785/755
f 439/785/755 405/784/754 404/786/756
f 439/785/755 404/786/756 438/787/757
f 438/787/757 404/786/756 403/788/758
f 438/787/757 403/788/758 437/789/759
f 437/789/759 403/788/758 402/790/760
f 444/791/745 445/792/761 409/793/746
f 409/793/746 445/792/761 410/794/762
f 399/795/624 437/796/759 384/797/625
f 384/797/625 437/796/759 402/798/760
f 431/799/763 446/800/764 432/801/765
f 432/801/765 446/800/764 447/802/766
f 432/801/765 447/802/766 433/803/767
f 433/803/767 447/802/766 448/804/768
f 433/803/767 448/804/768 434/805/769
f 434/805/769 448/804/768 449/806/770
f 434/805/769 449/806/770 435/807/771
f 435/807/771 449/806/770 450/808/772
f 435/807/771 450/808/772 436/809/773
f 436/809/773 450/808/772 451/810/774
f 436/809/773 451/810/774 400/811/640
f 400/811/640 451/810/774 401/812/641
f 425/813/775 452/814/776 426/815/777
f 426/815/777 452/814/776 453/816/778
f 426/815/777 453/816/778 427/817/779
f 427/817/779 453/816/778 454/818/780
f 427/817/779 454/818/780 428/819/781
f 428/819/781 454/818/780 455/820/782
f 428/819/781 455/820/782 429/821/783
f 429/821/783 455/820/782 456/822/784
f 429/821/783 456/822/784 430/823/785
f 430/823/785 456/822/784 457/824/786
f 430/823/785 457/824/786 431/825/763
f 431/825/763 457/824/786 446/826/764
f 458/827/787 452/828/776 424/829/788
f 424/829/788 452/828/776 425/830/775
f 354/831/789 340/832/790 459/833/791
f 459/833/791 340/832/790 339/834/792
f 459/833/791 339/834/792 338/835/793
f 338/835/793 337/836/794 459/833/791
f 459/833/791 337/836/794 336/837/795
f 459/833/791 336/837/795 335/838/796
f 335/838/796 334/839/797 459/833/791
f 459/833/791 334/839/797 423/840/798
f 423/840/798 334/839/797 333/841/799
f 423/840/798 333/841/799 332/842/800
f 332/842/800 331/843/801 423/840/798
f 423/840/798 331/843/801 330/844/802
f 423/840/798 330/844/802 329/845/803
f 329/845/803 328/846/804 423/840/798
f 423/840/798 328/846/804 382/847/805
f 423/840/798 382/847/805 424/848/806
f 424/848/806 382/847/805 369/849/807
f 424/848/806 369/849/807 368/850/808
f 368/850/808 367/851/809 424/848/806
f 424/848/806 367/851/809 366/852/810
f 424/848/806 366/852/810 365/853/811
f 365/853/811 364/854/812 424/848/806
f 424/848/806 364/854/812 363/855/813
f 424/848/806 363/855/813 458/856/814
f 458/856/814 363/855/813 362/857/815
f 458/856/814 362/857/815 361/858/816
f 361/858/816 360/859/817 458/856/814
f 458/856/814 360/859/817 359/860/818
f 458/856/814 359/860/818 358/861/819
f 358/861/819 356/862/820 458/856/814
f 458/856/814 356/862/820 354/831/789
f 458/856/814 354/831/789 459/833/791
f 460/863/821 459/864/822 422/865/823
f 422/865/823 459/864/822 423/866/824
f 416/867/825 461/868/826 417/869/827
f 417/869/827 461/868/826 462/870/828
f 417/869/827 462/870/828 418/871/829
f 418/871/829 462/870/828 463/872/830
f 418/871/829 463/872/830 419/873/831
f 419/873/831 463/872/830 464/874/832
f 419/873/831 464/874/832 420/875/833
f 420/875/833 464/874/832 465/876/834
f 420/875/833 465/876/834 421/877/835
f 421/877/835 465/876/834 466/878/836
f 421/877/835 466/878/836 422/879/837
f 422/879/837 466/878/836 460/880/838
f 410/881/839 445/882/840 411/883/841
f 411/883/841 445/882/840 467/884/842
f 411/883/841 467/884/842 412/885/843
f 412/885/843 467/884/842 468/886/844
f 412/885/843 468/886/844 413/887/845
f 413/887/845 468/886/844 469/888/846
f 413/887/845 469/888/846 414/889/847
f 414/889/847 469/888/846 470/890/848
f 414/889/847 470/890/848 415/891/849
f 415/891/849 470/890/848 471/892/850
f 415/891/849 471/892/850 416/893/851
f 416/893/851 471/892/850 461/894/852
f 106/895/853 105/896/854 392/897/855
f 392/897/855 105/896/854 128/898/856
f 392/897/855 128/898/856 393/899/857
f 393/899/857 128/898/856 127/900/858
f 393/899/857 127/900/858 394/901/859
f 394/901/859 127/900/858 126/902/860
f 394/901/859 126/902/860 395/903/861
f 395/903/861 126/902/860 125/904/862
f 395/903/861 125/904/862 396/905/863
f 396/905/863 125/904/862 124/906/864
f 396/905/863 124/906/864 397/907/865
f 397/907/865 124/906/864 398/908/866
f 398/908/866 124/906/864 399/909/867
f 399/909/867 124/906/864 123/910/868
f 399/909/867 123/910/868 122/911/869
f 122/911/869 121/912/870 399/909/867
f 399/909/867 121/912/870 327/913/871
f 399/909/867 327/913/871 437/914/872
f 437/914/872 327/913/871 326/915/873
f 437/914/872 326/915/873 438/916/874
f 438/916/874 326/915/873 439/917/875
f 439/917/875 326/915/873 440/918/876
f 440/918/876 326/915/873 441/919/877
f 441/919/877 326/915/873 442/920/878
f 442/920/878 326/915/873 258/921/879
f 442/920/878 258/921/879 257/922/880
f 121/912/870 120/923/881 327/913/871
f 327/913/871 120/923/881 308/924/882
f 327/913/871 308/924/882 307/925/883
f 308/924/882 120/923/881 309/926/884
f 309/926/884 120/923/881 119/927/885
f 309/926/884 119/927/885 310/928/886
f 310/928/886 119/927/885 118/929/887
f 310/928/886 118/929/887 311/930/888
f 311/930/888 118/929/887 117/931/889
f 311/930/888 117/931/889 312/932/890
f 312/932/890 117/931/889 313/933/891
f 313/933/891 117/931/889 116/934/892
f 313/933/891 116/934/892 314/935/893
f 314/935/893 116/934/892 115/936/894
f 314/935/893 115/936/894 315/937/895
f 315/937/895 115/936/894 114/938/896
f 315/937/895 114/938/896 316/939/897
f 316/939/897 114/938/896 324/940/898
f 316/939/897 324/940/898 317/941/899
f 317/941/899 324/940/898 318/942/900
f 318/942/900 324/940/898 319/943/901
f 319/943/901 324/940/898 320/944/902
f 320/944/902 324/940/898 321/945/903
f 321/945/903 324/940/898 322/946/904
f 322/946/904 324/940/898 323/947/905
f 323/947/905 324/940/898 300/948/906
f 300/948/906 324/940/898 327/913/871
f 300/948/906 327/913/871 301/949/907
f 301/949/907 327/913/871 302/950/908
f 302/950/908 327/913/871 303/951/909
f 303/951/909 327/913/871 304/952/910
f 304/952/910 327/913/871 305/953/911
f 305/953/911 327/913/871 306/954/912
f 306/954/912 327/913/871 307/925/883
f 114/938/896 113/955/913 324/940/898
f 324/940/898 113/955/913 112/956/914
f 324/940/898 112/956/914 456/957/915
f 456/957/915 112/956/914 111/958/916
f 456/957/915 111/958/916 457/959/917
f 457/959/917 111/958/916 401/960/918
f 457/959/917 401/960/918 451/961/919
f 111/958/916 110/962/920 401/960/918
f 401/960/918 110/962/920 109/963/921
f 401/960/918 109/963/921 108/964/922
f 401/960/918 108/964/922 392/897/855
f 392/897/855 108/964/922 107/965/923
f 392/897/855 107/965/923 106/895/853
f 253/966/924 252/967/925 444/968/926
f 444/968/926 252/967/925 275/969/927
f 444/968/926 275/969/927 274/970/928
f 274/970/928 273/971/929 444/968/926
f 444/968/926 273/971/929 272/972/930
f 444/968/926 272/972/930 325/973/931
f 325/973/931 272/972/930 271/974/932
f 325/973/931 271/974/932 270/975/933
f 270/975/933 269/976/934 325/973/931
f 325/973/931 269/976/934 268/977/935
f 325/973/931 268/977/935 267/978/936
f 267/978/936 266/979/937 325/973/931
f 325/973/931 266/979/937 265/980/938
f 325/973/931 265/980/938 264/981/939
f 325/973/931 264/981/939 326/915/873
f 326/915/873 264/981/939 263/982/940
f 326/915/873 263/982/940 262/983/941
f 262/983/941 261/984/942 326/915/873
f 326/915/873 261/984/942 260/985/943
f 326/915/873 260/985/943 259/986/944
f 259/986/944 258/921/879 326/915/873
f 442/920/878 257/922/880 443/987/945
f 443/987/945 257/922/880 256/988/946
f 443/987/945 256/988/946 255/989/947
f 255/989/947 254/990/948 443/987/945
f 443/987/945 254/990/948 444/968/926
f 444/968/926 254/990/948 253/966/924
f 324/940/898 463/991/949 325/973/931
f 325/973/931 463/991/949 462/992/950
f 325/973/931 462/992/950 445/993/951
f 445/993/951 462/992/950 467/994/952
f 467/994/952 462/992/950 461/995/953
f 467/994/952 461/995/953 468/996/954
f 468/996/954 461/995/953 469/997/955
f 469/997/955 461/995/953 470/998/956
f 470/998/956 461/995/953 471/999/957
f 457/959/917 451/961/919 446/1000/958
f 446/1000/958 451/961/919 450/1001/959
f 446/1000/958 450/1001/959 449/1002/960
f 449/1002/960 448/1003/961 446/1000/958
f 446/1000/958 448/1003/961 447/1004/962
f 456/957/915 455/1005/963 324/940/898
f 324/940/898 455/1005/963 454/1006/964
f 324/940/898 454/1006/964 453/1007/965
f 324/940/898 453/1007/965 466/1008/966
f 466/1008/966 453/1007/965 452/1009/967
f 466/1008/966 452/1009/967 460/1010/968
f 460/1010/968 452/1009/967 459/1011/969
f 459/1011/969 452/1009/967 458/1012/970
f 466/1008/966 465/1013/971 324/940/898
f 324/940/898 465/1013/971 464/1014/972
f 324/940/898 464/1014/972 463/991/949
f 445/993/951 444/968/926 325/973/931
# 471 vertices
# 1014 texture params
# 972 normals
# 942 facets

# 2 groups
